name,rows_with_data,faulty_rows_with_data,non_faulty_rows_with_data,percentage_faulty,percentage_total_faults
ImplicitDefinitions,436,128,308,29.357798165137616,15.421686746987953
ImplicitConversions,965,276,689,28.601036269430054,33.25301204819277
ImplicitParameters,904,302,602,33.4070796460177,36.385542168674704
OverridingPatternVariables,118,63,55,53.38983050847458,7.590361445783132
UsageOfNull,496,160,336,32.25806451612903,19.27710843373494
UnitVariables,25,7,18,28.000000000000004,0.8433734939759037
FunctionVariables,616,216,400,35.064935064935064,26.024096385542165
NumberOfReturns,2,0,2,0.0,0.0
