name,count,percentage_faulty mean,percentage_faulty std,percentage_total_faults mean,percentage_total_faults std
FunctionVariables,7,30.072385074528462,11.090513398552853,33.039486337431036,15.454140869555113
ImplicitConversions,7,24.50894686360488,10.306552365614241,28.791732210373688,10.598551297927335
ImplicitDefinitions,7,25.35825065155621,6.945983180168796,43.913421800205136,18.362803100227005
ImplicitParameters,7,32.68193957250762,8.957146076055988,40.5834452866964,8.64480249561946
NumberOfReturns,5,45.0,44.721359549995796,0.931187638575462,1.4592447417943628
OverridingPatternVariables,7,44.78997726577735,15.350997110925697,14.239432762370146,6.273109204611967
UnitVariables,6,26.17632850241546,17.576694047317037,3.5524599602963005,5.332623756964223
UsageOfNull,7,36.894653106311964,12.769261921178943,15.317724070498306,5.391399132065631
