name,count,percentage_faulty,percentage_total_faults
FunctionVariables,7,25.396825396825395,26.229508196721312
ImplicitConversions,7,24.806201550387602,27.86885245901639
ImplicitDefinitions,7,26.253687315634213,45.360824742268036
ImplicitParameters,7,30.288461538461537,36.385542168674704
NumberOfReturns,5,50.0,0.5464480874316939
OverridingPatternVariables,7,45.714285714285715,13.043478260869565
UnitVariables,6,24.833333333333336,1.8505999661990875
UsageOfNull,7,33.33333333333333,14.925373134328355
