name,rows_with_data,faulty_rows_with_data,non_faulty_rows_with_data,percentage_faulty,percentage_total_faults
ImplicitDefinitions,331,88,243,26.586102719033235,45.36082474226804
ImplicitConversions,146,40,106,27.397260273972602,20.618556701030926
ImplicitParameters,315,105,210,33.33333333333333,54.123711340206185
OverridingPatternVariables,40,18,22,45.0,9.278350515463918
UsageOfNull,113,35,78,30.973451327433626,18.04123711340206
UnitVariables,23,4,19,17.391304347826086,2.0618556701030926
FunctionVariables,168,34,134,20.238095238095237,17.525773195876287
