name,tn,fp,fn,tp,r2,precision,recall,mcc
baseline,17013,3184,780,1512,-0.9257606640904712,32.19761499148211,65.96858638743456,0.37367951646571645
NumberOfLambdaFunctions,16981,3216,785,1507,-0.9437357257885912,31.907685792928227,65.75043630017451,0.3700957626549072
SourceLinesOfLambda,16922,3275,781,1511,-0.9704554120966074,31.571249477643125,65.92495636998254,0.36743616335699314
LambdaScore,17040,3157,796,1496,-0.9204167268288681,32.15130023640662,65.27050610820244,0.3707341843061649
LambdaFunctionsUsingOuterVariables,16956,3241,770,1522,-0.948593850571867,31.95465043040101,66.40488656195463,0.3728834506864121
LambdaFunctionsUsingInnerVariables,16990,3207,781,1511,-0.937420163570333,32.02628232301823,65.92495636998254,0.3718675974932012
LambdaFunctionsWithSideEffects,16956,3241,770,1522,-0.948593850571867,31.95465043040101,66.40488656195463,0.3728834506864121
LambdaFunctionsWithAssignment,16990,3207,787,1505,-0.9403350384402982,31.939728353140918,65.66317626527051,0.37009542259322836
