name,count,precision mean,precision std,recall mean,recall std,mcc mean,mcc std
LambdaFunctionsUsingInnerVariables,7,41.043932911244546,15.85979036486594,64.2919686282215,10.16047444215306,0.40957243128415893,0.1477819775738194
LambdaFunctionsUsingOuterVariables,7,40.980772041860064,15.630846627095584,64.14019826946694,10.42177748765838,0.40865174229118767,0.1458942785448053
LambdaFunctionsWithAssignment,7,40.77932075335759,16.02670732257448,63.88226777711594,10.966382220688413,0.4057241414040456,0.15199745566585457
LambdaFunctionsWithSideEffects,7,40.90240971423919,15.84765454976268,64.06487561553095,10.45753013061525,0.4074867790221245,0.1487570692381677
LambdaScore,7,40.93572209256497,15.933401383762902,63.96929489512029,10.138676922263162,0.4072116704659766,0.14908755931063838
NumberOfLambdaFunctions,7,41.36851849978905,15.473055039112673,64.2511545455139,10.616359933666034,0.4134488819107954,0.14475217546839445
SourceLinesOfLambda,7,40.949106185914495,15.526708584649874,64.01158495703415,10.112392795974925,0.40777902111007325,0.14408489093854543
baseline,7,41.08988452106285,15.748197986087726,64.30479984497296,10.093725222657605,0.4101403142896718,0.14632800886060376
