name,count,precision,recall,mcc
LambdaFunctionsUsingInnerVariables,7,44.26807760141093,65.92495636998254,0.4411053148854995
LambdaFunctionsUsingOuterVariables,7,44.90161001788909,66.40488656195463,0.4429503322896953
LambdaFunctionsWithAssignment,7,44.24778761061947,65.66317626527051,0.436641873769044
LambdaFunctionsWithSideEffects,7,44.30604982206407,66.40488656195463,0.43404119892891213
LambdaScore,7,44.50354609929078,65.27050610820244,0.4416477296794197
NumberOfLambdaFunctions,7,45.765765765765764,65.7504363001745,0.44241672745652094
SourceLinesOfLambda,7,45.14388489208634,65.92495636998254,0.4384957656093038
baseline,7,44.82142857142858,65.96858638743456,0.4442573295264815
