name,tn,fp,fn,tp,r2,precision,recall,mcc
baseline,876,172,88,165,-0.2757595872431584,48.96142433234421,65.21739130434783,0.4409134343416034
NumberOfLambdaFunctions,881,167,89,164,-0.2561325166701869,49.546827794561935,64.82213438735178,0.44425732952648145
SourceLinesOfLambda,881,167,88,165,-0.25122574902694383,49.6987951807229,65.21739130434783,0.4474048989700869
LambdaScore,881,167,88,165,-0.25122574902694383,49.6987951807229,65.21739130434783,0.4474048989700869
LambdaFunctionsUsingOuterVariables,877,171,87,166,-0.26594605195667276,49.25816023738873,65.61264822134387,0.44534628323405206
LambdaFunctionsUsingInnerVariables,879,169,88,165,-0.2610392843134297,49.40119760479042,65.21739130434783,0.44479528746212427
LambdaFunctionsWithSideEffects,876,172,87,166,-0.2708528195999156,49.112426035502956,65.61264822134387,0.44405661720460593
LambdaFunctionsWithAssignment,877,171,86,167,-0.2610392843134297,49.40828402366864,66.00790513833992,0.44848520135036984
