name,tn,fp,fn,tp,r2,precision,recall,mcc
baseline,881,167,89,164,-0.2561325166701869,49.546827794561935,64.82213438735178,0.44425732952648145
NumberOfLambdaFunctions,882,166,90,163,-0.2561325166701869,49.544072948328264,64.42687747035573,0.44241672745652094
SourceLinesOfLambda,879,169,90,163,-0.2708528195999156,49.096385542168676,64.42687747035573,0.4384957656093038
LambdaScore,879,169,89,164,-0.26594605195667276,49.249249249249246,64.82213438735178,0.4416477296794197
LambdaFunctionsUsingOuterVariables,880,168,89,164,-0.2610392843134297,49.39759036144578,64.82213438735178,0.4429503322896953
LambdaFunctionsUsingInnerVariables,881,167,90,163,-0.2610392843134297,49.3939393939394,64.42687747035573,0.4411053148854995
LambdaFunctionsWithSideEffects,878,170,91,162,-0.28066635488640146,48.795180722891565,64.03162055335969,0.43404119892891224
LambdaFunctionsWithAssignment,880,168,91,162,-0.2708528195999156,49.09090909090909,64.03162055335969,0.43664187376904395
