name,tn,fp,fn,tp,r2,precision,recall,mcc
baseline,1660,325,117,250,-0.42702969821344006,43.47826086956522,68.11989100817438,0.43693982052879116
NumberOfLambdaFunctions,1673,312,118,249,-0.3882868104791384,44.38502673796791,67.8474114441417,0.44388232391049165
SourceLinesOfLambda,1669,316,117,250,-0.3979725324127139,44.16961130742049,68.11989100817438,0.4431379768683426
LambdaScore,1665,320,118,249,-0.41411540230200616,43.7609841827768,67.8474114441417,0.43832335879242207
LambdaFunctionsUsingOuterVariables,1662,323,116,251,-0.4173439762798645,43.72822299651568,68.39237057220708,0.4403506301818855
LambdaFunctionsUsingInnerVariables,1663,322,114,253,-0.4076582543462892,44.0,68.93732970027247,0.4451182073545784
LambdaFunctionsWithSideEffects,1660,325,118,249,-0.4302582721912984,43.37979094076655,67.8474114441417,0.4348951598179198
LambdaFunctionsWithAssignment,1663,322,119,248,-0.4238011242355815,43.50877192982456,67.57493188010899,0.4349007015207697
