name,tn,fp,fn,tp,r2,precision,recall,mcc
baseline,3212,950,146,184,-2.584547056339464,16.225749559082892,55.757575757575765,0.19777864089132355
NumberOfLambdaFunctions,3285,877,150,180,-2.358877579252399,17.029328287606432,54.54545454545454,0.20587938662134386
SourceLinesOfLambda,3207,955,148,182,-2.60744106126134,16.00703605980651,55.15151515151515,0.19324836144667012
LambdaScore,3191,971,151,179,-2.669581931763575,15.565217391304348,54.24242424242425,0.1847936770233309
LambdaFunctionsUsingOuterVariables,3209,953,147,183,-2.59762934486625,16.109154929577464,55.45454545454545,0.19541185747261117
LambdaFunctionsUsingInnerVariables,3209,953,147,183,-2.59762934486625,16.109154929577464,55.45454545454545,0.19541185747261117
LambdaFunctionsWithSideEffects,3212,950,149,181,-2.594358772734554,16.003536693191865,54.848484848484844,0.19248787696581995
LambdaFunctionsWithAssignment,3209,953,147,183,-2.59762934486625,16.109154929577464,55.45454545454545,0.19541185747261117
