name,tn,fp,fn,tp,r2,precision,recall,mcc
ImplicitDefinitions,1121,163,97,64,-0.8173990441361436,28.193832599118945,39.75155279503105,0.2339570253972647
ImplicitConversions,1213,71,141,20,-0.4818792206033171,21.978021978021978,12.422360248447205,0.08928097168713224
ImplicitParameters,1165,119,111,50,-0.6076991544281269,29.585798816568047,31.05590062111801,0.21332604648588502
OverridingPatternVariables,1265,19,140,21,-0.11140941545248784,52.5,13.043478260869565,0.22178141007267285
UsageOfNull,1256,28,147,14,-0.2232493566300966,33.33333333333333,8.695652173913043,0.12202650624682286
UnitVariables,1278,6,157,4,-0.13936940074688997,40.0,2.484472049689441,0.0765622441151442
FunctionVariables,1191,93,100,61,-0.34906929045490664,39.61038961038961,37.88819875776397,0.3124888625430707
NumberOfReturns,1154,130,146,15,-0.9292389853137524,10.344827586206897,9.316770186335404,-0.00845990223022747
