name,tn,fp,fn,tp,r2,precision,recall,mcc
ImplicitDefinitions,1792,398,126,57,-2.1026573845347714,12.527472527472527,31.147540983606557,0.08792094210227082
ImplicitConversions,1811,379,132,51,-2.0256830601092903,11.86046511627907,27.86885245901639,0.07315783020364802
ImplicitParameters,2045,145,120,63,-0.5690919979040352,30.288461538461537,34.42622950819672,0.26230912412474605
OverridingPatternVariables,2171,19,167,16,-0.10132494947226611,45.714285714285715,8.743169398907105,0.1742907735596897
UsageOfNull,2178,12,167,16,-0.059877236320084126,57.14285714285714,8.743169398907105,0.20246875016335386
UnitVariables,2187,3,180,3,-0.08356164383561682,50.0,1.639344262295082,0.07980797120464116
FunctionVariables,2049,141,135,48,-0.6342241185717499,25.396825396825395,26.229508196721312,0.19501205470047242
NumberOfReturns,2190,0,183,0,-0.08356164383561682,0.0,0.0,0.0
