name,count,mean,std,min,25%,50%,75%,max
ImplicitDefinitions,22489,0.16114544888612212,1.52595254429263,0.0,0.0,0.0,0.0,40.0
ImplicitConversions,22489,0.42909867046111433,2.261706156441364,0.0,0.0,0.0,0.0,61.0
ImplicitParameters,22489,0.43465694339454847,2.1309019195762415,0.0,0.0,0.0,0.0,101.0
OverridingPatternVariables,22489,0.027702432300235672,0.22134229837602293,0.0,0.0,0.0,0.0,6.0
UsageOfNull,22489,0.27253323847214195,1.3394555025403032,0.0,0.0,0.0,0.0,25.0
UnitVariables,22489,0.004135355062474988,0.07851097011765244,0.0,0.0,0.0,0.0,4.0
FunctionVariables,22489,0.3461247721108097,1.8744116208795085,0.0,0.0,0.0,0.0,59.0
NumberOfReturns,22489,0.00013339855040241897,0.014910499925213075,0.0,0.0,0.0,0.0,2.0
