name,count,mean,std,min,25%,50%,75%,max
ImplicitDefinitions,1641,0.8129189518586228,3.4807454799907407,0.0,0.0,0.0,0.0,37.0
ImplicitConversions,1641,0.5819622181596588,2.62414051918439,0.0,0.0,0.0,0.0,38.0
ImplicitParameters,1641,0.5874466788543571,2.6608843891972107,0.0,0.0,0.0,0.0,60.0
OverridingPatternVariables,1641,0.1182205971968312,0.6133997642805215,0.0,0.0,0.0,0.0,8.0
UsageOfNull,1641,0.21694088970140157,1.1573648167560726,0.0,0.0,0.0,0.0,14.0
UnitVariables,1641,0.0,0.0,0.0,0.0,0.0,0.0,0.0
FunctionVariables,1641,0.12858013406459476,0.6851515729190123,0.0,0.0,0.0,0.0,10.0
NumberOfReturns,1641,0.029250457038391225,0.31680183278733237,0.0,0.0,0.0,0.0,4.0
