name,count,mean,std,min,25%,50%,75%,max
ImplicitDefinitions,2132,0.8339587242026266,3.5541808474223453,0.0,0.0,0.0,0.0,102.0
ImplicitConversions,2132,0.1852720450281426,0.8122182700278314,0.0,0.0,0.0,0.0,10.0
ImplicitParameters,2132,0.28142589118198874,1.1760045109222308,0.0,0.0,0.0,0.0,32.0
OverridingPatternVariables,2132,0.07692307692307693,0.5993053288879654,0.0,0.0,0.0,0.0,12.0
UsageOfNull,2132,0.08583489681050657,0.7077012223556873,0.0,0.0,0.0,0.0,13.0
UnitVariables,2132,0.001876172607879925,0.04328430837238459,0.0,0.0,0.0,0.0,1.0
FunctionVariables,2132,0.38649155722326456,1.8224228999092325,0.0,0.0,0.0,0.0,43.0
NumberOfReturns,2132,0.0075046904315197,0.12231139524356217,0.0,0.0,0.0,0.0,2.0
