name,count,mean mean,mean std,std mean,std std
FunctionVariables,7,0.8007245891993098,1.1219681559941186,3.628967944964,4.918401105808674
ImplicitConversions,7,0.589180617705326,0.32502581679527526,3.593987728944247,3.6978594824615056
ImplicitDefinitions,7,1.4815095772669793,1.1047341677302844,13.80814917974395,15.40622139216848
ImplicitParameters,7,0.8339866295020038,0.6168986547021571,4.59893520405775,4.441109701812743
NumberOfReturns,7,0.005344676023178519,0.010894256745122722,0.06947283343777125,0.1171072625933804
OverridingPatternVariables,7,0.144436921904236,0.11678051769978078,0.8948043752458901,0.5511232913413371
UnitVariables,7,0.06494216526066579,0.15727052793789137,0.4567635721456738,1.0216804792982557
UsageOfNull,7,0.20251082955706087,0.14654542279135832,1.2401633389727926,0.671649108671224
