name,count,mean,std
FunctionVariables,7,0.38649155722326456,1.8744116208795083
ImplicitConversions,7,0.5819622181596588,2.414651895495844
ImplicitDefinitions,7,1.3455971049457178,5.809254213565327
ImplicitParameters,7,0.5874466788543571,2.6608843891972107
NumberOfReturns,7,0.00022261798753339267,0.014920388317111347
OverridingPatternVariables,7,0.10596616206589493,0.6133997642805215
UnitVariables,7,0.001876172607879925,0.04328430837238459
UsageOfNull,7,0.2014475271411339,1.1573648167560726
