name,tn,fp,fn,tp,r2,precision,recall,mcc
univariate,6001,712,94,736,-0.0911498818153591,50.82872928176796,88.67469879518072,0.6202997155103727
baseline,5709,1004,269,561,-0.7233669969614789,35.84664536741214,67.59036144578313,0.40619179336602823
control,5894,819,78,752,-0.2143442233106414,47.86760025461489,90.60240963855422,0.6041957041610533
