name,count,precision mean,precision std,recall mean,recall std,mcc mean,mcc std
baseline,7,31.43482852079294,7.675975964907306,61.89658014306925,7.504103730173421,0.3458480237571124,0.058372449419620366
control,7,47.50411055549898,8.416411162420246,89.24958993453039,3.305656859708962,0.5978284967153675,0.06728352257343614
univariate,7,50.15700106862369,9.284037301763275,90.04359056228648,2.0470071006968444,0.6218054752424563,0.06508343563239172
