name,count,precision,recall,mcc
baseline,7,29.53020134228188,63.95348837209303,0.34049869569271063
control,7,48.02043422733077,89.44099378881987,0.6054809779399485
univariate,7,50.82872928176796,89.01098901098902,0.6202997155103727
