name,tn,fp,fn,tp,r2,precision,recall,mcc
univariate,1095,105,13,181,0.2934192439862543,63.286713286713294,93.29896907216495,0.7246810546986692
baseline,996,204,78,116,-0.6886082474226805,36.25,59.79381443298969,0.35220487042081433
control,1083,117,10,184,0.2395274914089347,61.12956810631229,94.84536082474226,0.7158203542876007
