name,tn,fp,fn,tp,r2,precision,recall,mcc
univariate,735,82,10,81,-0.12359611013221783,49.693251533742334,89.01098901098901,0.6179387104433484
baseline,712,105,47,44,-0.8563761819575773,29.53020134228188,48.35164835164835,0.28783460848529413
control,715,102,14,77,-0.4167081388623617,43.01675977653631,84.61538461538461,0.5444543829213018
