name,count,mean,std,min,25%,50%,75%,max
ImplicitDefinitions,1445,0.9896193771626297,4.188498654280504,0.0,0.0,0.0,0.0,106.0
ImplicitConversions,1445,0.16332179930795848,1.1006973536713132,0.0,0.0,0.0,0.0,28.0
ImplicitParameters,1445,0.24498269896193772,1.193030349951523,0.0,0.0,0.0,0.0,32.0
OverridingPatternVariables,1445,0.04498269896193772,0.3092257830138396,0.0,0.0,0.0,0.0,5.0
UsageOfNull,1445,0.0837370242214533,0.6724020591385766,0.0,0.0,0.0,0.0,13.0
UnitVariables,1445,0.007612456747404845,0.09457684946190727,0.0,0.0,0.0,0.0,2.0
FunctionVariables,1445,0.3889273356401384,2.1025348830559096,0.0,0.0,0.0,0.0,43.0
NumberOfReturns,1445,0.002768166089965398,0.07438076468332012,0.0,0.0,0.0,0.0,2.0
