name,count,mean mean,mean std,std mean,std std
FunctionVariables,7,0.6585215033757265,0.8789482986483452,3.3006644777582883,4.343299678164003
ImplicitConversions,7,0.5652427606023213,0.35325024500570507,3.7562871395190505,4.089883435868509
ImplicitDefinitions,7,1.5559243017036626,1.011509777899221,16.49087202672816,19.88514478377261
ImplicitParameters,7,0.7168897310916671,0.4534144611520279,4.667689460552292,4.5174416829520645
NumberOfReturns,7,0.0021103783615034023,0.0036451628707793128,0.042230714764106676,0.05055385173861982
OverridingPatternVariables,7,0.10581172530215328,0.10254445919869079,0.71844367460905,0.564671890204864
UnitVariables,7,0.031292740230846126,0.06209434058824496,0.28333227945972833,0.5041961315544748
UsageOfNull,7,0.15599315869515332,0.10831405606715298,0.9421497831981808,0.527996514255797
