name,count,mean,std
FunctionVariables,7,0.2998565279770445,1.6365047698279058
ImplicitConversions,7,0.4648493543758967,2.4375587122149316
ImplicitDefinitions,7,1.5626185958254268,5.957858271873044
ImplicitParameters,7,0.6184873949579832,3.345029137451033
NumberOfReturns,7,0.0004214075010535188,0.02574482320020066
OverridingPatternVariables,7,0.062184873949579826,0.5034408104212947
UnitVariables,7,0.004640063635158425,0.09271931061664768
UsageOfNull,7,0.19475009942993504,0.995442746467368
