name,count,mean,std,min,25%,50%,75%,max
ImplicitDefinitions,908,2.842511013215859,53.898844361046606,0.0,0.0,0.0,0.0,1594.0
ImplicitConversions,908,0.6718061674008811,2.7183476071345996,0.0,0.0,0.0,0.0,43.0
ImplicitParameters,908,0.9504405286343612,4.690506236890803,0.0,0.0,0.0,0.0,85.0
OverridingPatternVariables,908,0.24779735682819384,1.545076326318401,0.0,0.0,0.0,0.0,27.0
UsageOfNull,908,0.3248898678414097,1.9019972932166043,0.0,0.0,0.0,0.0,41.0
UnitVariables,908,0.1696035242290749,1.4032098410676694,0.0,0.0,0.0,0.0,38.0
FunctionVariables,908,2.5803964757709252,12.974452509613702,0.0,0.0,0.0,0.0,186.0
NumberOfReturns,908,0.0011013215859030838,0.0331861655799986,0.0,0.0,0.0,0.0,1.0
