name,tn,fp,fn,tp,r2,precision,recall,mcc
NumberOfLambdaFunctions baseline,107,31,27,37,-0.32653985507246386,54.41176470588235,57.8125,0.3480138379595811
NumberOfLambdaFunctions,108,30,29,35,-0.3494112318840581,53.84615384615385,54.6875,0.3281304218777762
SourceLinesOfLambda baseline,107,31,27,37,-0.32653985507246386,54.41176470588235,57.8125,0.3480138379595811
SourceLinesOfLambda,111,27,28,36,-0.2579257246376814,57.14285714285714,56.25,0.3684154249980163
LambdaScore baseline,107,31,27,37,-0.32653985507246386,54.41176470588235,57.8125,0.3480138379595811
LambdaScore,108,30,27,37,-0.3036684782608696,55.223880597014926,57.8125,0.3564609462896616
LambdaFunctionsWithSideEffects baseline,8,10,11,14,-1.0066666666666664,58.333333333333336,56.00000000000001,0.00441510785688348
LambdaFunctionsWithSideEffects,8,10,11,14,-1.0066666666666664,58.333333333333336,56.00000000000001,0.00441510785688348
