name,tn,fp,fn,tp,r2,precision,recall,mcc
NumberOfLambdaFunctions baseline,231,120,43,71,-0.8942120257909727,37.17277486910995,62.28070175438597,0.24564447408722476
NumberOfLambdaFunctions,235,116,44,70,-0.8593492277702799,37.634408602150536,61.40350877192983,0.2489878881144964
SourceLinesOfLambda baseline,231,120,43,71,-0.8942120257909727,37.17277486910995,62.28070175438597,0.24564447408722476
SourceLinesOfLambda,233,118,42,72,-0.8593492277702799,37.89473684210527,63.1578947368421,0.2585046414479524
LambdaScore baseline,231,120,43,71,-0.8942120257909727,37.17277486910995,62.28070175438597,0.24564447408722476
LambdaScore,234,117,44,70,-0.8709701604438442,37.4331550802139,61.40350877192983,0.24626795818799532
LambdaFunctionsWithSideEffects baseline,12,6,6,7,-0.5897435897435894,53.84615384615385,53.84615384615385,0.20512820512820512
LambdaFunctionsWithSideEffects,12,6,6,7,-0.5897435897435894,53.84615384615385,53.84615384615385,0.20512820512820512
