name,tn,fp,fn,tp,r2,precision,recall,mcc
NumberOfLambdaFunctions baseline,154,44,8,28,-0.7070707070707076,38.88888888888889,77.77777777777779,0.43429775553920646
NumberOfLambdaFunctions,160,38,9,27,-0.5429292929292933,41.53846153846154,75.0,0.4495530025457533
SourceLinesOfLambda baseline,154,44,8,28,-0.7070707070707076,38.88888888888889,77.77777777777779,0.43429775553920646
SourceLinesOfLambda,158,40,11,25,-0.6742424242424248,38.46153846153847,69.44444444444444,0.3966644140109588
LambdaScore baseline,154,44,8,28,-0.7070707070707076,38.88888888888889,77.77777777777779,0.43429775553920646
LambdaScore,155,43,9,27,-0.7070707070707076,38.57142857142858,75.0,0.4198558133726463
