name,tn,fp,fn,tp,r2,precision,recall,mcc
NumberOfLambdaFunctions baseline,157,41,8,28,-0.608585858585859,40.57971014492754,77.77777777777779,0.4515757181437814
NumberOfLambdaFunctions,157,41,9,27,-0.6414141414141419,39.705882352941174,75.0,0.4314382236078505
SourceLinesOfLambda baseline,157,41,8,28,-0.608585858585859,40.57971014492754,77.77777777777779,0.4515757181437814
SourceLinesOfLambda,158,40,9,27,-0.608585858585859,40.298507462686565,75.0,0.43737379251939046
LambdaScore baseline,157,41,8,28,-0.608585858585859,40.57971014492754,77.77777777777779,0.4515757181437814
LambdaScore,156,42,8,28,-0.6414141414141419,40.0,77.77777777777779,0.4457237070875487
