name,tn,fp,fn,tp,r2,precision,recall,mcc
NumberOfLambdaFunctions baseline,124,32,26,44,-0.20036630036630076,57.89473684210527,62.857142857142854,0.41443276232865156
NumberOfLambdaFunctions,122,34,24,46,-0.20036630036630076,57.49999999999999,65.71428571428571,0.42466496580575014
SourceLinesOfLambda baseline,124,32,26,44,-0.20036630036630076,57.89473684210527,62.857142857142854,0.41443276232865156
SourceLinesOfLambda,127,29,25,45,-0.11758241758241783,60.810810810810814,64.28571428571429,0.45024777216714507
LambdaScore baseline,124,32,26,44,-0.20036630036630076,57.89473684210527,62.857142857142854,0.41443276232865156
LambdaScore,123,33,26,44,-0.2210622710622714,57.14285714285714,62.857142857142854,0.4068583282698055
