name,tn,fp,fn,tp,r2,precision,recall,mcc
NumberOfLambdaFunctions baseline,121,35,26,44,-0.26245421245421285,55.69620253164557,62.857142857142854,0.39196636068397794
NumberOfLambdaFunctions,119,37,26,44,-0.3038461538461541,54.32098765432099,62.857142857142854,0.3773954745221467
SourceLinesOfLambda baseline,121,35,26,44,-0.26245421245421285,55.69620253164557,62.857142857142854,0.39196636068397794
SourceLinesOfLambda,123,33,27,43,-0.241758241758242,56.57894736842105,61.42857142857143,0.39417718181691386
LambdaScore baseline,121,35,26,44,-0.26245421245421285,55.69620253164557,62.857142857142854,0.39196636068397794
LambdaScore,122,34,27,43,-0.26245421245421285,55.84415584415584,61.42857142857143,0.3866672913376632
