name,tn,fp,fn,tp,r2,precision,recall,mcc
NumberOfLambdaFunctions baseline,176,60,20,26,-1.078113485630066,30.23255813953488,56.52173913043478,0.24956878191038012
NumberOfLambdaFunctions,178,58,18,28,-0.9742078113485626,32.55813953488372,60.86956521739131,0.29126214476507634
SourceLinesOfLambda baseline,176,60,20,26,-1.078113485630066,30.23255813953488,56.52173913043478,0.24956878191038012
SourceLinesOfLambda,174,62,15,31,-1.0001842299189385,33.33333333333333,67.3913043478261,0.3231594737563351
LambdaScore baseline,176,60,20,26,-1.078113485630066,30.23255813953488,56.52173913043478,0.24956878191038012
LambdaScore,179,57,19,27,-0.9742078113485626,32.142857142857146,58.69565217391305,0.27907704270238604
LambdaFunctionsWithSideEffects baseline,52,14,11,14,-0.3787878787878791,50.0,56.00000000000001,0.33645007534350946
LambdaFunctionsWithSideEffects,50,16,9,16,-0.3787878787878791,50.0,64.0,0.371672879461456
