name,tn,fp,fn,tp,r2,precision,recall,mcc
NumberOfLambdaFunctions baseline,182,54,14,32,-0.766396462785556,37.2093023255814,69.56521739130434,0.3746488704744687
NumberOfLambdaFunctions,181,55,16,30,-0.8443257184966835,35.294117647058826,65.21739130434783,0.3374690146169757
SourceLinesOfLambda baseline,182,54,14,32,-0.766396462785556,37.2093023255814,69.56521739130434,0.3746488704744687
SourceLinesOfLambda,181,55,15,31,-0.8183492999263078,36.04651162790697,67.3913043478261,0.35380218904712063
LambdaScore baseline,182,54,14,32,-0.766396462785556,37.2093023255814,69.56521739130434,0.3746488704744687
LambdaScore,176,60,13,33,-0.8962785556374351,35.483870967741936,71.73913043478261,0.3639887621072699
LambdaFunctionsWithSideEffects baseline,51,15,9,16,-0.32363636363636394,51.61290322580645,64.0,0.3887305454297959
LambdaFunctionsWithSideEffects,51,15,8,17,-0.26848484848484877,53.125,68.0,0.42323115999650557
