name,tn,fp,fn,tp,r2,precision,recall,mcc
baseline,16862,3335,757,1535,-0.9879446613163998,31.519507186858313,66.97207678883072,0.37062993815748746
NumberOfLambdaFunctions,16831,3366,751,1541,-1.000089973274589,31.40411656816792,67.23385689354275,0.3704115177615171
SourceLinesOfLambda,16827,3370,749,1543,-1.001061598231244,31.40647262365154,67.32111692844677,0.3707423389600233
LambdaScore,16844,3353,761,1531,-0.9986325358396062,31.347256347256348,66.7975567190227,0.3683110177685047
LambdaFunctionsUsingOuterVariables,16866,3331,748,1544,-0.9816290990981413,31.671794871794873,67.36474694589877,0.3735209283656123
LambdaFunctionsUsingInnerVariables,16882,3315,775,1517,-0.9869730363597446,31.394867549668877,66.18673647469458,0.3666284764093124
LambdaFunctionsWithSideEffects,16808,3389,747,1545,-1.0093204103628128,31.313336035670858,67.40837696335078,0.37012392488542756
LambdaFunctionsWithAssignment,16920,3277,765,1527,-0.9636540374000215,31.78601165695254,66.62303664921467,0.37201354941644654
