name,tn,fp,fn,tp,r2,precision,recall,mcc
Akka,18186,2011,1238,1054,-0.5784047420862617,34.38825448613377,45.98603839441536,0.3177018537386066
Gitbucket,1273,114,81,173,0.09169226052943791,60.278745644599304,68.11023622047244,0.5702519702342629
Http4s,1525,210,205,192,-0.28453313395132085,47.76119402985074,48.36272040302267,0.36084810243382315
Quill,979,69,137,116,-0.010794134508040898,62.70270270270271,45.8498023715415,0.4449771955134846
Scio,1757,228,167,200,-0.27528672125409237,46.728971962616825,54.495912806539515,0.40453486389806936
Shapeless,3710,452,199,131,-1.1291424577344809,22.46998284734134,39.696969696969695,0.22386595685512753
ZIO,2765,164,244,143,-0.1935602541809911,46.579804560260584,36.95090439276486,0.3472932248683918
