name,tn,fp,fn,tp,r2,precision,recall,mcc
baseline,401,108,21,65,-0.7534381139489195,37.57225433526011,75.5813953488372,0.42095417071914454
NumberOfLambdaFunctions,405,104,22,64,-0.7126604833919679,38.095238095238095,74.4186046511628,0.42171959697360306
SourceLinesOfLambda,405,104,22,64,-0.7126604833919679,38.095238095238095,74.4186046511628,0.42171959697360306
LambdaScore,394,115,22,64,-0.8621784621007904,35.754189944134076,74.4186046511628,0.39735312249263943
LambdaFunctionsUsingOuterVariables,399,110,22,64,-0.7942157445058711,36.7816091954023,74.4186046511628,0.408214941697079
LambdaFunctionsUsingInnerVariables,401,108,22,64,-0.7670306574679033,37.2093023255814,74.4186046511628,0.4126574294327569
LambdaFunctionsWithSideEffects,405,104,22,64,-0.7126604833919679,38.095238095238095,74.4186046511628,0.42171959697360306
LambdaFunctionsWithAssignment,405,104,21,65,-0.699067939872984,38.46153846153847,75.5813953488372,0.4300302309701678
