name,tn,fp,fn,tp,r2,precision,recall,mcc
baseline,769,218,17,50,-2.745557924662403,18.65671641791045,74.6268656716418,0.29437787680665484
NumberOfLambdaFunctions,774,213,18,49,-2.6818037472213407,18.702290076335878,73.13432835820896,0.2910336899296195
SourceLinesOfLambda,769,218,17,50,-2.745557924662403,18.65671641791045,74.6268656716418,0.29437787680665484
LambdaScore,754,233,20,47,-3.032451723147183,16.785714285714285,70.1492537313433,0.2570957642975772
LambdaFunctionsUsingOuterVariables,769,218,17,50,-2.745557924662403,18.65671641791045,74.6268656716418,0.29437787680665484
LambdaFunctionsUsingInnerVariables,767,220,17,50,-2.777435013382934,18.51851851851852,74.6268656716418,0.29252683221264136
LambdaFunctionsWithSideEffects,768,219,17,50,-2.7614964690226684,18.587360594795538,74.6268656716418,0.29345030983518583
LambdaFunctionsWithAssignment,767,220,18,49,-2.7933735577431995,18.21561338289963,73.13432835820896,0.2845309504163697
