name,tn,fp,fn,tp,r2,precision,recall,mcc
univariate,1156,128,21,140,-0.04150945221648228,52.23880597014925,86.95652173913044,0.6232481847670206
baseline,1022,262,52,109,-1.1948588456105735,29.380053908355798,67.70186335403726,0.34067388050940683
control,1125,159,22,139,-0.2651893345717,46.644295302013425,86.33540372670807,0.5751178682409563
