name,precision,recall,mcc
baseline,29.380053908355798,64.17910447761193,0.34067388050940683
control,46.644295302013425,88.3720930232558,0.5751178682409563
univariate,52.23880597014925,89.55223880597015,0.6232481847670206
