name,count,mean,std,min,25%,50%,75%,max
NumberOfLambdaFunctions,1301,1.4780937740199847,4.123723641467705,0.0,0.0,0.0,0.0,52.0
SourceLinesOfLambda,1301,3.8262874711760184,16.704323276613287,0.0,0.0,0.0,0.0,257.0
LambdaScore,1301,0.06288162154258208,0.15996595261029797,0.0,0.0,0.0,0.0,1.0
LambdaFunctionsUsingOuterVariables,1301,0.0007686395080707148,0.027724348650071378,0.0,0.0,0.0,0.0,1.0
LambdaFunctionsUsingInnerVariables,1301,0.004611837048424289,0.095966055608258,0.0,0.0,0.0,0.0,3.0
LambdaFunctionsWithSideEffects,1301,0.06764027671022291,0.8114790179995179,0.0,0.0,0.0,0.0,24.0
LambdaFunctionsWithAssignment,1301,0.008455034588777863,0.20173668027620603,0.0,0.0,0.0,0.0,7.0
