name,tn,fp,fn,tp,r2,precision,recall,mcc
baseline,1405,330,126,271,-0.41143881706458374,45.09151414309484,68.26196473551637,0.42604356432100343
NumberOfLambdaFunctions,1405,330,126,271,-0.41143881706458374,45.09151414309484,68.26196473551637,0.42604356432100343
SourceLinesOfLambda,1405,330,126,271,-0.41143881706458374,45.09151414309484,68.26196473551637,0.42604356432100343
LambdaScore,1392,343,135,262,-0.4795345494668226,43.30578512396694,65.99496221662469,0.3991438998273586
LambdaFunctionsUsingOuterVariables,1355,380,130,267,-0.5785828875064425,41.26738794435858,67.2544080604534,0.3839987510118725
LambdaFunctionsUsingInnerVariables,1367,368,139,258,-0.5692971058152281,41.21405750798722,64.98740554156171,0.3741895401917363
LambdaFunctionsWithSideEffects,1402,333,139,258,-0.4609629860843938,43.65482233502538,64.98740554156171,0.39825530206233
LambdaFunctionsWithAssignment,1373,362,130,267,-0.5228681973591562,42.4483306836248,67.2544080604534,0.3959708288093967
