name,tn,fp,fn,tp,r2,precision,recall,mcc
baseline,5688,1025,281,549,-0.7680418680531749,34.87928843710292,66.144578313253,0.39179112032156405
NumberOfLambdaFunctions,5710,1003,271,559,-0.7247207809339546,35.787451984635084,67.34939759036145,0.40473384031351994
SourceLinesOfLambda,5708,1005,271,559,-0.7274283488789057,35.74168797953964,67.34939759036145,0.4043126462701761
LambdaScore,5696,1017,279,551,-0.7545040283284186,35.140306122448976,66.38554216867469,0.3951201556668369
LambdaFunctionsUsingOuterVariables,5703,1010,281,549,-0.7477351084660404,35.21488133418858,66.144578313253,0.394904557132859
LambdaFunctionsUsingInnerVariables,5712,1001,280,550,-0.7341972687412839,35.46099290780142,66.26506024096386,0.39762827530739253
LambdaFunctionsWithSideEffects,5691,1022,275,555,-0.7558578123008941,35.19340519974635,66.86746987951807,0.39742364257035556
LambdaFunctionsWithAssignment,5700,1013,278,552,-0.7477351084660404,35.27156549520767,66.50602409638554,0.3967890599974462
