name,tn,fp,fn,tp,r2,precision,recall,mcc
baseline,832,155,22,45,-1.8211223517670017,22.5,67.16417910447761,0.32020052395455856
NumberOfLambdaFunctions,836,151,22,45,-1.757368174325939,22.95918367346939,67.16417910447761,0.3252378928702516
SourceLinesOfLambda,830,157,22,45,-1.8529994404875327,22.277227722772277,67.16417910447761,0.3177290989944141
LambdaScore,833,154,22,45,-1.8051838074067361,22.613065326633166,67.16417910447761,0.3214479025499155
LambdaFunctionsUsingOuterVariables,834,153,22,45,-1.7892452630464706,22.727272727272727,67.16417910447761,0.32270318963416195
LambdaFunctionsUsingInnerVariables,830,157,22,45,-1.8529994404875327,22.277227722772277,67.16417910447761,0.3177290989944141
LambdaFunctionsWithSideEffects,831,156,22,45,-1.8370608961272672,22.388059701492537,67.16417910447761,0.31896095511683337
LambdaFunctionsWithAssignment,834,153,22,45,-1.7892452630464706,22.727272727272727,67.16417910447761,0.32270318963416195
