name,tn,fp,fn,tp,r2,precision,recall,mcc
baseline,1788,402,76,107,-1.8302866981061463,21.021611001964637,58.46994535519126,0.2607110003078925
NumberOfLambdaFunctions,1823,367,78,105,-1.6348903361030023,22.245762711864405,57.377049180327866,0.27146596972880743
SourceLinesOfLambda,1830,360,78,105,-1.5934426229508203,22.58064516129032,57.377049180327866,0.2751477173269658
LambdaScore,1783,407,77,106,-1.8658133093794453,20.66276803118908,57.92349726775956,0.25495058372063933
LambdaFunctionsUsingOuterVariables,1792,398,77,106,-1.812523392469497,21.03174603174603,57.92349726775956,0.2592773694963134
LambdaFunctionsUsingInnerVariables,1792,398,77,106,-1.812523392469497,21.03174603174603,57.92349726775956,0.2592773694963134
LambdaFunctionsWithSideEffects,1783,407,75,108,-1.853971105621679,20.97087378640777,59.01639344262295,0.2616649077505414
LambdaFunctionsWithAssignment,1792,398,77,106,-1.812523392469497,21.03174603174603,57.92349726775956,0.2592773694963134
