name,tn,fp,fn,tp,r2,precision,recall,mcc
univariate,18254,1943,229,2063,-0.05518470292747324,51.49775336994509,90.00872600349041,0.6356277968145233
baseline,17036,3161,797,1495,-0.922845789220506,32.109106529209626,65.22687609075044,0.3701722466659396
control,17815,2382,186,2106,-0.24756644434518926,46.92513368983957,91.8848167539267,0.6062610111850109
