name,tn,fp,fn,tp,r2,precision,recall,mcc
univariate,3744,418,28,302,-0.4586751707366796,41.94444444444444,91.51515151515152,0.5793803724443077
baseline,3255,907,149,181,-2.4537241710716002,16.636029411764707,54.848484848484844,0.20130293204985977
control,3703,459,25,305,-0.5829569117411502,39.92146596858639,92.42424242424242,0.5652308488772596
