name,tn,fp,fn,tp,r2,precision,recall,mcc
NumberOfLambdaFunctions,1309,78,91,163,0.21279995912551286,67.63485477178423,64.1732283464567,0.5982825487640673
SourceLinesOfLambda,1321,66,100,154,0.22677392434813692,70.0,60.629921259842526,0.5931119167750396
LambdaScore,1171,216,71,183,-0.33684267296436565,45.86466165413533,72.04724409448819,0.47616436325264183
LambdaFunctionsUsingOuterVariables,1376,11,243,11,-0.1831290555155014,50.0,4.330708661417323,0.11125838240002763
LambdaFunctionsUsingInnerVariables,1384,3,232,22,-0.09462727577221575,88.0,8.661417322834646,0.2493850378703564
LambdaFunctionsWithSideEffects,1356,31,162,92,0.10100823734452058,74.79674796747967,36.22047244094488,0.46683074677119046
LambdaFunctionsWithAssignment,1374,13,174,80,0.1289561677897687,86.02150537634408,31.496062992125985,0.47804003136230777
