name,tn,fp,fn,tp,r2,precision,recall,mcc
NumberOfLambdaFunctions,2771,158,257,130,-0.2140380036399787,45.13888888888889,33.59173126614987,0.3214770945683203
SourceLinesOfLambda,2779,150,255,132,-0.18478407584142498,46.808510638297875,34.10852713178294,0.33364987852624345
LambdaScore,2246,683,223,164,-1.6504058585489658,19.36245572609209,42.377260981912144,0.14031583943443562
LambdaFunctionsUsingOuterVariables,2920,9,383,4,-0.14675396970330534,30.76923076923077,1.03359173126615,0.037317881737601324
LambdaFunctionsUsingInnerVariables,2918,11,376,11,-0.13212700580402847,50.0,2.842377260981912,0.09756182714083603
LambdaFunctionsWithSideEffects,2808,121,286,101,-0.19063486140113572,45.4954954954955,26.098191214470283,0.28219611150130985
LambdaFunctionsWithAssignment,2921,8,374,13,-0.1175000419047516,61.904761904761905,3.359173126614987,0.12490496306508227
