name,tn,fp,fn,tp,r2,precision,recall,mcc
NumberOfLambdaFunctions baseline,111,27,29,35,-0.2807971014492754,56.451612903225815,54.6875,0.3542847026346716
NumberOfLambdaFunctions,112,26,27,37,-0.2121829710144929,58.730158730158735,57.8125,0.39138453482813956
SourceLinesOfLambda baseline,111,27,29,35,-0.2807971014492754,56.451612903225815,54.6875,0.3542847026346716
SourceLinesOfLambda,110,28,27,37,-0.2579257246376814,56.92307692307692,57.8125,0.37368529831716507
LambdaScore baseline,111,27,29,35,-0.2807971014492754,56.451612903225815,54.6875,0.3542847026346716
LambdaScore,110,28,26,38,-0.23505434782608714,57.57575757575758,59.375,0.3877036011173449
LambdaFunctionsWithSideEffects baseline,4,14,13,12,-1.5799999999999996,46.15384615384615,48.0,-0.3004605146516862
LambdaFunctionsWithSideEffects,4,14,10,15,-1.293333333333333,51.724137931034484,60.0,-0.18716330835829237
