name,tn,fp,fn,tp,r2,precision,recall,mcc
NumberOfLambdaFunctions baseline,239,112,39,75,-0.7547608337082017,40.106951871657756,65.78947368421053,0.29724489931932446
NumberOfLambdaFunctions,234,117,40,74,-0.8244864297495871,38.7434554973822,64.91228070175438,0.2761287763158235
SourceLinesOfLambda baseline,239,112,39,75,-0.7547608337082017,40.106951871657756,65.78947368421053,0.29724489931932446
SourceLinesOfLambda,240,111,42,72,-0.7780026990553301,39.34426229508197,63.1578947368421,0.2776735036244974
LambdaScore baseline,239,112,39,75,-0.7547608337082017,40.106951871657756,65.78947368421053,0.29724489931932446
LambdaScore,234,117,42,72,-0.8477282950967155,38.095238095238095,63.1578947368421,0.2612128914113875
LambdaFunctionsWithSideEffects baseline,11,7,7,6,-0.8547008547008543,46.15384615384615,46.15384615384615,0.07264957264957266
LambdaFunctionsWithSideEffects,12,6,8,5,-0.8547008547008543,45.45454545454545,38.46153846153847,0.05288858853479451
