name,tn,fp,fn,tp,r2,precision,recall,mcc
NumberOfLambdaFunctions baseline,152,46,9,27,-0.805555555555556,36.986301369863014,75.0,0.40315138169575776
NumberOfLambdaFunctions,156,42,10,26,-0.7070707070707076,38.23529411764706,72.22222222222221,0.4053512612501665
SourceLinesOfLambda baseline,152,46,9,27,-0.805555555555556,36.986301369863014,75.0,0.40315138169575776
SourceLinesOfLambda,151,47,9,27,-0.8383838383838389,36.486486486486484,75.0,0.39774877091775507
LambdaScore baseline,152,46,9,27,-0.805555555555556,36.986301369863014,75.0,0.40315138169575776
LambdaScore,149,49,9,27,-0.9040404040404046,35.526315789473685,75.0,0.3871741881601478
