name,tn,fp,fn,tp,r2,precision,recall,mcc
NumberOfLambdaFunctions baseline,200,48,36,69,-0.13870967741935503,58.97435897435898,65.71428571428571,0.4502044718067002
NumberOfLambdaFunctions,198,50,36,69,-0.16582181259600626,57.98319327731093,65.71428571428571,0.44051025214393696
SourceLinesOfLambda baseline,200,48,36,69,-0.13870967741935503,58.97435897435898,65.71428571428571,0.4502044718067002
SourceLinesOfLambda,198,50,38,67,-0.1929339477726577,57.26495726495726,63.8095238095238,0.4238754163812918
LambdaScore baseline,200,48,36,69,-0.13870967741935503,58.97435897435898,65.71428571428571,0.4502044718067002
LambdaScore,201,47,37,68,-0.13870967741935503,59.130434782608695,64.76190476190476,0.44683393659339843
LambdaFunctionsWithSideEffects baseline,18,8,7,11,-0.4102564102564099,57.89473684210527,61.111111111111114,0.3011747878085348
LambdaFunctionsWithSideEffects,20,6,7,11,-0.22222222222222188,64.70588235294117,61.111111111111114,0.3840526207048608
