name,tn,fp,fn,tp,r2,precision,recall,mcc
NumberOfLambdaFunctions baseline,189,47,17,29,-0.6624907885040527,38.15789473684211,63.04347826086957,0.35913363865402825
NumberOfLambdaFunctions,188,48,17,29,-0.6884672070744287,37.66233766233766,63.04347826086957,0.35414916066151014
SourceLinesOfLambda baseline,189,47,17,29,-0.6624907885040527,38.15789473684211,63.04347826086957,0.35913363865402825
SourceLinesOfLambda,196,40,16,30,-0.4546794399410461,42.857142857142854,65.21739130434783,0.4128377659147284
LambdaScore baseline,189,47,17,29,-0.6624907885040527,38.15789473684211,63.04347826086957,0.35913363865402825
LambdaScore,190,46,19,27,-0.6884672070744287,36.986301369863014,58.69565217391305,0.330698426765266
LambdaFunctionsWithSideEffects baseline,52,14,9,16,-0.26848484848484877,53.333333333333336,64.0,0.4062909831315511
LambdaFunctionsWithSideEffects,53,13,10,15,-0.26848484848484877,53.57142857142857,60.0,0.38978972143455365
