name,tn,fp,fn,tp,r2,precision,recall,mcc
univariate,469,40,9,77,0.33396536756979034,65.8119658119658,89.53488372093024,0.7225992274740194
baseline,440,69,32,54,-0.3728468954173709,43.90243902439025,62.7906976744186,0.42751947835882087
control,460,49,10,76,0.19803993237995154,60.8,88.37209302325581,0.6797187203752356
