name,tn,fp,fn,tp,r2,precision,recall,mcc
univariate,1161,123,11,150,0.06334049263752606,54.94505494505495,93.16770186335404,0.6718860420058028
baseline,1002,282,48,113,-1.306698786788182,28.607594936708864,70.1863354037267,0.3404575337061156
control,1159,125,12,149,0.042370503666724346,54.379562043795616,92.54658385093167,0.6647092922645156
