name,count,precision mean,precision std,recall mean,recall std,mcc mean,mcc std
baseline,7,31.321191638846308,8.00670796086904,62.70817403177981,7.625124174593669,0.3471646314896762,0.060079496183401325
control,7,48.94905961734281,7.338557477158358,87.87926913310898,4.653416399169128,0.6037188794740187,0.05763459375327074
univariate,7,51.74697434463173,9.007799784995571,89.84830455416338,1.6798753648284845,0.6338333177525216,0.05688919200157249
