name,count,precision,recall,mcc
baseline,7,28.85906040268457,63.95348837209303,0.3445991986320176
control,7,49.28756476683938,89.61748633879782,0.6206519091628824
univariate,7,53.058321479374115,89.55223880597015,0.6432448378910551
