name,tn,fp,fn,tp,r2,precision,recall,mcc
univariate,1074,126,24,170,0.10180412371134018,57.432432432432435,87.62886597938144,0.6527718360001545
baseline,988,212,73,121,-0.7065721649484535,36.33633633633634,62.371134020618555,0.36287964163704445
control,1059,141,19,175,0.041924398625429515,55.379746835443036,90.20618556701031,0.648583290551714
