name,tn,fp,fn,tp,r2,precision,recall,mcc
univariate,1966,224,18,165,-0.43290665468972267,42.41645244215938,90.1639344262295,0.5760263319638506
baseline,1782,408,72,111,-1.8421289018639126,21.38728323699422,60.65573770491803,0.27122079739409827
control,1939,251,19,164,-0.5986975072984508,39.51807228915663,89.61748633879782,0.548884790312196
