name,tn,fp,fn,tp,r2,precision,recall,mcc
univariate,1966,224,18,165,-0.43290665468972267,42.41645244215938,90.1639344262295,0.5760263319638506
baseline,1783,407,76,107,-1.859892207500562,20.817120622568094,58.46994535519126,0.25830990937095344
control,1939,251,17,166,-0.5868553035406845,39.80815347721823,90.7103825136612,0.5555076072325088
