name,tn,fp,fn,tp,r2,precision,recall,mcc
baseline,5688,1025,273,557,-0.7572115962733696,35.20859671302149,67.10843373493975,0.39847016791461803
ImplicitDefinitions,5694,1019,280,550,-0.7585653802458454,35.05417463352454,66.26506024096386,0.39386866269484977
ImplicitConversions,5705,1008,272,558,-0.7328434847688083,35.63218390804598,67.2289156626506,0.4028476108154108
ImplicitParameters,5680,1033,273,557,-0.7680418680531749,35.0314465408805,67.10843373493975,0.3968191105455718
OverridingPatternVariables,5690,1023,281,549,-0.7653343001082236,34.9236641221374,66.144578313253,0.39220415054381996
UsageOfNull,5698,1015,276,554,-0.7477351084660404,35.309114085404715,66.74698795180723,0.3980437219950237
UnitVariables,5678,1035,274,556,-0.7721032199706017,34.94657448145821,66.98795180722892,0.3955750042253719
FunctionVariables,5699,1014,273,557,-0.7423199725761378,35.4551241247613,67.10843373493975,0.40075710474631693
NumberOfReturns,5695,1018,273,557,-0.7477351084660404,35.36507936507937,67.10843373493975,0.3999232316646186
