name,count,precision,recall,mcc
FunctionVariables,7,29.45205479452055,63.95348837209303,0.341167259067448
ImplicitConversions,7,29.695431472081214,63.95348837209303,0.3610326444404396
ImplicitDefinitions,7,29.177057356608483,63.95348837209303,0.3690094335594157
ImplicitParameters,7,29.081632653061227,62.6865671641791,0.3478707985113476
NumberOfReturns,7,30.344827586206893,62.7906976744186,0.3347089934077321
OverridingPatternVariables,7,29.16666666666667,62.886597938144334,0.3363929048164622
UnitVariables,7,30.612244897959183,63.4020618556701,0.3347089934077321
UsageOfNull,7,31.578947368421048,61.62790697674418,0.34785852753631025
baseline,7,29.86111111111111,62.7906976744186,0.3404575337061156
