name,tn,fp,fn,tp,r2,precision,recall,mcc
baseline,844,143,23,44,-1.6457983638040803,23.52941176470588,65.67164179104478,0.3268841415315877
ImplicitDefinitions,864,123,22,45,-1.311088932238504,26.785714285714285,67.16417910447761,0.36461040220047547
ImplicitConversions,849,138,24,43,-1.5820441863630181,23.756906077348066,64.17910447761194,0.3247358871976758
ImplicitParameters,844,143,25,42,-1.6776754525246114,22.702702702702705,62.68656716417911,0.30912292390820284
OverridingPatternVariables,846,141,23,44,-1.6139212750835492,23.783783783783786,65.67164179104478,0.32956753607519346
UsageOfNull,846,141,24,43,-1.6298598194438148,23.369565217391305,64.17910447761194,0.3206789512184884
UnitVariables,844,143,23,44,-1.6457983638040803,23.52941176470588,65.67164179104478,0.3268841415315877
FunctionVariables,851,136,23,44,-1.5342285532822215,24.444444444444443,65.67164179104478,0.3364408430845921
NumberOfReturns,845,142,23,44,-1.6298598194438148,23.655913978494624,65.67164179104478,0.32822125629685894
