name,tn,fp,fn,tp,r2,precision,recall,mcc
baseline,988,212,73,121,-0.7065721649484535,36.33633633633634,62.371134020618555,0.36287964163704445
ImplicitDefinitions,989,211,70,124,-0.6826202749140893,37.014925373134325,63.91752577319587,0.3753381443219807
ImplicitConversions,986,214,72,122,-0.7125601374570447,36.30952380952381,62.88659793814433,0.36459044383628497
ImplicitParameters,992,208,74,120,-0.6886082474226805,36.58536585365854,61.855670103092784,0.3632903936580763
OverridingPatternVariables,990,210,72,122,-0.6886082474226805,36.74698795180723,62.88659793814433,0.36879737239754384
UsageOfNull,986,214,75,119,-0.7305240549828178,35.73573573573574,61.34020618556701,0.35315840594556086
UnitVariables,990,210,71,123,-0.6826202749140893,36.93693693693694,63.4020618556701,0.37260087732852804
FunctionVariables,991,209,71,123,-0.6766323024054983,37.04819277108434,63.4020618556701,0.3736630125368792
NumberOfReturns,989,211,73,121,-0.7005841924398626,36.44578313253012,62.371134020618555,0.36393173225820846
