name,tn,fp,fn,tp,r2,precision,recall,mcc
baseline,1783,407,76,107,-1.859892207500562,20.817120622568094,58.46994535519126,0.25830990937095344
ImplicitDefinitions,1793,397,77,106,-1.8066022905906136,21.07355864811133,57.92349726775956,0.2597636254174164
ImplicitConversions,1804,386,73,110,-1.7177857624073667,22.177419354838708,60.10928961748634,0.27873862523496695
ImplicitParameters,1787,403,77,106,-1.8421289018639126,20.825147347740668,57.92349726775956,0.25686270589041954
OverridingPatternVariables,1790,400,75,108,-1.812523392469497,21.25984251968504,59.01639344262295,0.265045536417379
UsageOfNull,1806,384,77,106,-1.7296279661651326,21.63265306122449,57.92349726775956,0.2661890574275544
UnitVariables,1797,393,77,106,-1.7829178830750814,21.24248496993988,57.92349726775956,0.2617199144299671
FunctionVariables,1794,396,76,107,-1.7947600868328473,21.272365805168985,58.46994535519126,0.26362858841245385
NumberOfReturns,1781,409,75,108,-1.8658133093794453,20.889748549323016,59.01639344262295,0.2607087680180079
