name,tn,fp,fn,tp,r2,precision,recall,mcc
baseline,711,106,48,43,-0.880802184351756,28.859060402684566,47.25274725274725,0.2779322167714061
ImplicitDefinitions,710,107,47,44,-0.880802184351756,29.13907284768212,48.35164835164835,0.2843252650089986
ImplicitConversions,716,101,48,43,-0.8197371783663092,29.86111111111111,47.25274725274725,0.28682058812266636
ImplicitParameters,712,105,48,43,-0.8685891831546666,29.054054054054053,47.25274725274725,0.2796811811034318
OverridingPatternVariables,718,99,48,43,-0.7953111759721307,30.28169014084507,47.25274725274725,0.29047993831779007
UsageOfNull,724,93,46,45,-0.697607166395416,32.608695652173914,49.45054945054945,0.31842011613916327
UnitVariables,712,105,47,44,-0.8563761819575773,29.53020134228188,48.35164835164835,0.28783460848529413
FunctionVariables,716,101,50,41,-0.8441631807604879,28.87323943661972,45.05494505494506,0.27028578901891914
NumberOfReturns,714,103,50,41,-0.8685891831546666,28.47222222222222,45.05494505494506,0.2667409355385969
