name,tn,fp,fn,tp,r2,precision,recall,mcc
baseline,716,101,48,43,-0.8197371783663092,29.86111111111111,47.25274725274725,0.28682058812266636
ImplicitDefinitions,706,111,47,44,-0.9296541891401131,28.387096774193548,48.35164835164835,0.27746939116018515
ImplicitConversions,714,103,49,42,-0.8563761819575773,28.965517241379313,46.15384615384615,0.2750020098271819
ImplicitParameters,709,108,48,43,-0.9052281867459346,28.47682119205298,47.25274725274725,0.2744756850376823
OverridingPatternVariables,715,102,49,42,-0.8441631807604879,29.166666666666668,46.15384615384615,0.27678076183063166
UsageOfNull,726,91,49,42,-0.7098201675925053,31.57894736842105,46.15384615384615,0.29738278355449743
UnitVariables,715,102,46,45,-0.8075241771692199,30.612244897959183,49.45054945054945,0.3013570928763831
FunctionVariables,714,103,48,43,-0.8441631807604879,29.45205479452055,47.25274725274725,0.2832216841030429
NumberOfReturns,716,101,47,44,-0.8075241771692199,30.344827586206897,48.35164835164835,0.2950254110479093
