name,tn,fp,fn,tp,r2,precision,recall,mcc
Akka,41163,17592,1220,1526,-6.17086892172571,7.982006486034105,55.57174071376547,0.11436996595786118
Gitbucket,1992,1101,53,128,-5.748791157362999,10.414971521562245,70.71823204419888,0.1657610438895535
Http4s,3175,1427,235,328,-2.313189956023445,18.68945868945869,58.259325044404974,0.17930618829459966
Quill,1891,764,148,225,-1.788543039335969,22.75025278058645,60.32171581769437,0.22106590090305017
Scio,5250,1952,242,426,-2.5890687383910316,17.91421362489487,63.772455089820355,0.22255694936627654
Shapeless,5367,2006,232,209,-4.378369875008188,9.43566591422122,47.3922902494331,0.10335373422400042
ZIO,11900,5903,696,651,-4.269702757319957,9.932865425694233,48.329621380846326,0.08177337773061993
