name,tn,fp,fn,tp,r2,precision,recall,mcc
Akka,6219,1143,660,698,-0.5725940516100072,37.91417707767518,51.39911634756995,0.31873614449893894
Gitbucket,353,46,50,128,0.2200726535439721,73.5632183908046,71.91011235955057,0.6076754498081053
Http4s,736,197,157,143,-0.5594212218649517,42.05882352941177,47.66666666666667,0.25493720503190526
Quill,510,126,79,110,-0.406983128681242,46.61016949152542,58.201058201058196,0.35699402956376314
Scio,1077,213,136,175,-0.39272913083576344,45.103092783505154,56.27009646302251,0.36707806526280573
Shapeless,2116,330,159,118,-0.9652611941399942,26.339285714285715,42.59927797833935,0.23732786476086112
ZIO,1645,209,136,144,-0.41822699953767906,40.79320113314447,51.42857142857142,0.3648893660772995
