name,tn,fp,fn,tp,r2,precision,recall,mcc
baseline,5707,1006,281,549,-0.7423199725761378,35.30546623794212,66.144578313253,0.3957409861235405
NumberOfLambdaFunctions,5714,999,277,553,-0.7274283488789057,35.631443298969074,66.62650602409639,0.40056193847437
SourceLinesOfLambda,5702,1011,277,553,-0.7436737565486133,35.35805626598466,66.62650602409639,0.39804267808369154
LambdaScore,5707,1006,281,549,-0.7423199725761378,35.30546623794212,66.144578313253,0.3957409861235405
LambdaFunctionsUsingOuterVariables,5709,1004,281,549,-0.7396124046311865,35.35093367675467,66.144578313253,0.3961601873638996
LambdaFunctionsUsingInnerVariables,5700,1013,281,549,-0.7517964603834673,35.14724711907811,66.144578313253,0.3942789538242771
LambdaFunctionsWithSideEffects,5714,999,277,553,-0.7274283488789057,35.631443298969074,66.62650602409639,0.40056193847437
LambdaFunctionsWithAssignment,5708,1005,282,548,-0.7423199725761378,35.28654217643271,66.02409638554217,0.39511246165934893
