name,tn,fp,fn,tp,r2,precision,recall,mcc
univariate,18254,1943,229,2063,-0.05518470292747324,51.49775336994509,90.00872600349041,0.6356277968145233
baseline,17013,3184,780,1512,-0.9257606640904712,32.19761499148211,65.96858638743456,0.37367951646571645
control,17834,2363,192,2100,-0.24125088212693102,47.05355142280977,91.62303664921467,0.6062627809851479
