name,tn,fp,fn,tp,r2,precision,recall,mcc
univariate,1540,195,35,362,0.2880900703402318,64.99102333931778,91.183879093199,0.7083806954249131
baseline,1479,256,125,272,-0.17929427478422455,51.515151515151516,68.51385390428212,0.48481438997251963
control,1511,224,39,358,0.18594647173687384,61.512027491408936,90.17632241813602,0.6751560566108198
