name,count,precision mean,precision std,recall mean,recall std,mcc mean,mcc std
baseline,7,41.08988452106285,15.748197986087726,64.30479984497296,10.093725222657605,0.4101403142896718,0.14632800886060376
control,7,55.51028216928114,10.112958122050804,91.65191436175296,0.9964449143616787,0.6558400144106064,0.06256264831372378
univariate,7,57.75954736025453,9.057103160462267,91.18553447192615,1.4733591662342906,0.671997475501916,0.05198867906810067
