name,tn,fp,fn,tp,r2,precision,recall,mcc
univariate,939,109,19,234,0.37193374166490656,68.22157434402332,92.4901185770751,0.7373911683521217
baseline,881,167,89,164,-0.2561325166701869,49.546827794561935,64.82213438735178,0.44425732952648145
control,931,117,17,236,0.34249313580544904,66.85552407932012,93.2806324110672,0.7309368635171668
