name,tn,fp,fn,tp,r2,precision,recall,mcc
univariate,3744,418,28,302,-0.4586751707366796,41.94444444444444,91.51515151515152,0.5793803724443077
baseline,3238,924,150,180,-2.512594469442139,16.304347826086957,54.54545454545454,0.19599880120015647
control,3696,466,26,304,-0.6091214887947229,39.48051948051948,92.12121212121212,0.5602158715157459
