name,tn,fp,fn,tp,r2,precision,recall,mcc
univariate,2628,301,25,362,0.046321953767149204,54.600301659125186,93.54005167958657,0.6684123677792958
baseline,2506,423,203,184,-0.8312958801894619,30.31301482701812,47.54521963824289,0.2748459387144962
control,2568,361,35,352,-0.15845554082272684,49.36886395511921,90.95607235142118,0.6145077669712806
