name,tn,fp,fn,tp,r2,precision,recall,mcc
baseline,2522,407,199,188,-0.7727880245923546,31.596638655462183,48.57881136950905,0.29021016843527425
NumberOfLambdaFunctions,2514,415,202,185,-0.8049673451707637,30.833333333333336,47.80361757105943,0.2805211219434621
SourceLinesOfLambda,2502,427,203,184,-0.8429974513088834,30.11456628477905,47.54521963824289,0.27301630302256025
LambdaScore,2525,404,205,182,-0.7815642029319207,31.058020477815703,47.02842377260982,0.2797595403265456
LambdaFunctionsUsingOuterVariables,2506,423,202,185,-0.8283704874096065,30.427631578947366,47.80361757105943,0.27681453798840383
LambdaFunctionsUsingInnerVariables,2517,412,203,184,-0.799116559611053,30.87248322147651,47.54521963824289,0.27994961515509964
LambdaFunctionsWithSideEffects,2496,433,202,185,-0.8576244152081602,29.93527508090615,47.80361757105943,0.2722591515569052
LambdaFunctionsWithAssignment,2506,423,201,186,-0.8254450946297511,30.541871921182267,48.06201550387597,0.2787809085177212
