name,tn,fp,fn,tp,r2,precision,recall,mcc
baseline,5708,1005,279,551,-0.738258620658711,35.411311053984576,66.38554216867469,0.3976255874155808
NumberOfLambdaFunctions,5701,1012,274,556,-0.740966188603662,35.45918367346938,66.98795180722892,0.40034020681345966
SourceLinesOfLambda,5701,1012,274,556,-0.740966188603662,35.45918367346938,66.98795180722892,0.40034020681345966
LambdaScore,5709,1004,281,549,-0.7396124046311865,35.35093367675467,66.144578313253,0.3961601873638996
LambdaFunctionsUsingOuterVariables,5705,1008,271,559,-0.7314897007963328,35.67326100829611,67.34939759036145,0.40368209294256585
LambdaFunctionsUsingInnerVariables,5703,1010,277,553,-0.7423199725761378,35.38067818298145,66.62650602409639,0.39825171141923466
LambdaFunctionsWithSideEffects,5686,1027,274,556,-0.7612729481907967,35.123183828174355,66.98795180722892,0.3972228700715174
LambdaFunctionsWithAssignment,5705,1008,273,557,-0.7341972687412839,35.59105431309904,67.10843373493975,0.4020128007577696
