name,tn,fp,fn,tp,r2,precision,recall,mcc
baseline,440,69,30,56,-0.3456618083794032,44.800000000000004,65.11627906976744,0.4450609666048468
NumberOfLambdaFunctions,436,73,30,56,-0.40003198245533866,43.41085271317829,65.11627906976744,0.43327674469215266
SourceLinesOfLambda,438,71,30,56,-0.3728468954173709,44.09448818897638,65.11627906976744,0.4391130423273869
LambdaScore,442,67,30,56,-0.31847672134143545,45.52845528455284,65.11627906976744,0.4511250917240304
LambdaFunctionsUsingOuterVariables,441,68,31,55,-0.3456618083794032,44.71544715447154,63.95348837209303,0.4393222850414257
LambdaFunctionsUsingInnerVariables,439,70,29,57,-0.3456618083794032,44.881889763779526,66.27906976744185,0.45077802403043166
LambdaFunctionsWithSideEffects,433,76,29,57,-0.4272170694933064,42.857142857142854,66.27906976744185,0.4333945248797909
LambdaFunctionsWithAssignment,441,68,28,58,-0.3048841778224516,46.03174603174603,67.44186046511628,0.4654701468958901
