name,tn,fp,fn,tp,r2,precision,recall,mcc
baseline,1002,282,48,113,-1.306698786788182,28.607594936708864,70.1863354037267,0.3404575337061156
NumberOfLambdaFunctions,1007,277,48,113,-1.2717488051701795,28.974358974358978,70.1863354037267,0.3445803210603644
SourceLinesOfLambda,1010,274,49,112,-1.2577688125229782,29.015544041450774,69.56521739130434,0.34295089389481387
LambdaScore,1000,284,47,114,-1.313688783111783,28.643216080402013,70.80745341614907,0.34293521370446434
LambdaFunctionsUsingOuterVariables,1000,284,48,113,-1.3206787794353834,28.463476070528966,70.1863354037267,0.3388248105639487
LambdaFunctionsUsingInnerVariables,999,285,49,112,-1.3346587720825842,28.211586901763226,69.56521739130434,0.33389765241177793
LambdaFunctionsWithSideEffects,1002,282,49,112,-1.313688783111783,28.426395939086298,69.56521739130434,0.3363385597864822
LambdaFunctionsWithAssignment,998,286,49,112,-1.341648768406185,28.14070351758794,69.56521739130434,0.3330885860407726
