name,tn,fp,fn,tp,r2,precision,recall,mcc
baseline,844,143,23,44,-1.6457983638040803,23.52941176470588,65.67164179104478,0.3268841415315877
NumberOfLambdaFunctions,845,142,24,43,-1.6457983638040803,23.243243243243246,64.17910447761194,0.3193452299916981
SourceLinesOfLambda,843,144,24,43,-1.6776754525246114,22.994652406417114,64.17910447761194,0.316704926677264
LambdaScore,847,140,23,44,-1.5979827307232837,23.91304347826087,65.67164179104478,0.3309231051429682
LambdaFunctionsUsingOuterVariables,850,137,23,44,-1.550167097642487,24.30939226519337,65.67164179104478,0.3350468263483416
LambdaFunctionsUsingInnerVariables,849,138,23,44,-1.5661056420027526,24.175824175824175,65.67164179104478,0.3336626200280398
LambdaFunctionsWithSideEffects,845,142,23,44,-1.6298598194438148,23.655913978494624,65.67164179104478,0.32822125629685894
LambdaFunctionsWithAssignment,846,141,24,43,-1.6298598194438148,23.369565217391305,64.17910447761194,0.3206789512184884
