name,tn,fp,fn,tp,r2,precision,recall,mcc
baseline,1782,408,72,111,-1.8421289018639126,21.38728323699422,60.65573770491803,0.27122079739409827
NumberOfLambdaFunctions,1823,367,78,105,-1.6348903361030023,22.245762711864405,57.377049180327866,0.27146596972880743
SourceLinesOfLambda,1817,373,78,105,-1.6704169473763013,21.96652719665272,57.377049180327866,0.26836117779345464
LambdaScore,1791,399,71,112,-1.7829178830750814,21.91780821917808,61.20218579234973,0.2789614010786043
LambdaFunctionsUsingOuterVariables,1785,405,72,111,-1.8243655962272634,21.511627906976745,60.65573770491803,0.27267420157952926
LambdaFunctionsUsingInnerVariables,1785,405,72,111,-1.8243655962272634,21.511627906976745,60.65573770491803,0.27267420157952926
LambdaFunctionsWithSideEffects,1786,404,73,110,-1.8243655962272634,21.40077821011673,60.10928961748634,0.26981394283260673
LambdaFunctionsWithAssignment,1785,405,72,111,-1.8243655962272634,21.511627906976745,60.65573770491803,0.27267420157952926
