name,tn,fp,fn,tp,r2,precision,recall,mcc
baseline,1783,407,76,107,-1.859892207500562,20.817120622568094,58.46994535519126,0.25830990937095344
NumberOfLambdaFunctions,1829,361,76,107,-1.5875215210719373,22.863247863247864,58.46994535519126,0.281501642376799
SourceLinesOfLambda,1816,374,79,104,-1.6822591511340677,21.75732217573222,56.830601092896174,0.2644226711672116
LambdaScore,1789,401,76,107,-1.8243655962272634,21.062992125984252,58.46994535519126,0.26119448903850045
LambdaFunctionsUsingOuterVariables,1787,403,76,107,-1.8362077999850297,20.980392156862745,58.46994535519126,0.26022860901776473
LambdaFunctionsUsingInnerVariables,1787,403,76,107,-1.8362077999850297,20.980392156862745,58.46994535519126,0.26022860901776473
LambdaFunctionsWithSideEffects,1802,388,77,106,-1.7533123736806653,21.45748987854251,57.92349726775956,0.2641910566260668
LambdaFunctionsWithAssignment,1787,403,76,107,-1.8362077999850297,20.980392156862745,58.46994535519126,0.26022860901776473
