name,tn,fp,fn,tp,r2,precision,recall,mcc
NumberOfLambdaFunctions baseline,291,114,77,207,-0.14414014953921073,64.48598130841121,72.88732394366197,0.44146698971961756
NumberOfLambdaFunctions,288,117,78,206,-0.16810119979134064,63.77708978328174,72.53521126760563,0.43051920920600945
SourceLinesOfLambda baseline,291,114,77,207,-0.14414014953921073,64.48598130841121,72.88732394366197,0.44146698971961756
SourceLinesOfLambda,295,110,76,208,-0.114188836724048,65.40880503144653,73.23943661971832,0.45497619376599335
LambdaScore baseline,291,114,77,207,-0.14414014953921073,64.48598130841121,72.88732394366197,0.44146698971961756
LambdaScore,294,111,78,206,-0.13215962441314555,64.98422712933754,72.53521126760563,0.44568680824582946
LambdaFunctionsWithSideEffects baseline,20,12,15,34,-0.3947704081632655,73.91304347826086,69.38775510204081,0.3146907932367149
LambdaFunctionsWithSideEffects,20,12,15,34,-0.3947704081632655,73.91304347826086,69.38775510204081,0.3146907932367149
