name,tn,fp,fn,tp,r2,precision,recall,mcc
NumberOfLambdaFunctions baseline,289,116,75,209,-0.14414014953921073,64.3076923076923,73.59154929577466,0.4432205510405002
NumberOfLambdaFunctions,290,115,76,208,-0.14414014953921073,64.39628482972137,73.23943661971832,0.4423365764480691
SourceLinesOfLambda baseline,289,116,75,209,-0.14414014953921073,64.3076923076923,73.59154929577466,0.4432205510405002
SourceLinesOfLambda,293,112,79,205,-0.14414014953921073,64.66876971608832,72.1830985915493,0.43977076364826123
LambdaScore baseline,289,116,75,209,-0.14414014953921073,64.3076923076923,73.59154929577466,0.4432205510405002
LambdaScore,290,115,75,209,-0.13814988697617814,64.50617283950618,73.59154929577466,0.44573057879680306
LambdaFunctionsWithSideEffects baseline,21,11,14,35,-0.2914540816326532,76.08695652173914,71.42857142857143,0.3656707017410627
LambdaFunctionsWithSideEffects,21,11,14,35,-0.2914540816326532,76.08695652173914,71.42857142857143,0.3656707017410627
