name,tn,fp,fn,tp,r2,precision,recall,mcc
NumberOfLambdaFunctions baseline,152,40,24,88,0.09523809523809512,68.75,78.57142857142857,0.564106052554073
NumberOfLambdaFunctions,155,37,27,85,0.09523809523809512,69.67213114754098,75.89285714285714,0.5572234751140172
SourceLinesOfLambda baseline,152,40,24,88,0.09523809523809512,68.75,78.57142857142857,0.564106052554073
SourceLinesOfLambda,153,39,28,84,0.05282738095238082,68.29268292682927,75.0,0.5374720106594254
LambdaScore baseline,152,40,24,88,0.09523809523809512,68.75,78.57142857142857,0.564106052554073
LambdaScore,155,37,25,87,0.12351190476190466,70.16129032258065,77.67857142857143,0.5733012894568761
