name,tn,fp,fn,tp,r2,precision,recall,mcc
NumberOfLambdaFunctions baseline,350,78,79,153,-0.0435465678375766,66.23376623376623,65.94827586206897,0.4777138875675643
NumberOfLambdaFunctions,347,81,78,154,-0.05684015468901071,65.53191489361701,66.37931034482759,0.47316325273622317
SourceLinesOfLambda baseline,350,78,79,153,-0.0435465678375766,66.23376623376623,65.94827586206897,0.4777138875675643
SourceLinesOfLambda,348,80,76,156,-0.03689977441185954,66.10169491525424,67.24137931034483,0.48363119700670415
LambdaScore baseline,350,78,79,153,-0.0435465678375766,66.23376623376623,65.94827586206897,0.4777138875675643
LambdaScore,342,86,78,154,-0.090074121817596,64.16666666666667,66.37931034482759,0.4593924749775719
LambdaFunctionsWithSideEffects baseline,35,11,21,35,-0.2670807453416144,76.08695652173914,62.5,0.3858695652173913
LambdaFunctionsWithSideEffects,37,9,19,37,-0.10869565217391264,80.43478260869566,66.07142857142857,0.46506211180124224
