name,tn,fp,fn,tp,r2,precision,recall,mcc
NumberOfLambdaFunctions baseline,353,78,42,84,-0.23080322616285498,51.85185185185185,66.66666666666666,0.4474339885166433
NumberOfLambdaFunctions,342,89,43,83,-0.3538835487791405,48.25581395348838,65.87301587301587,0.4095360934588565
SourceLinesOfLambda baseline,353,78,42,84,-0.23080322616285498,51.85185185185185,66.66666666666666,0.4474339885166433
SourceLinesOfLambda,350,81,45,81,-0.29234338747099775,50.0,64.28571428571429,0.4190876814643491
LambdaScore baseline,353,78,42,84,-0.23080322616285498,51.85185185185185,66.66666666666666,0.4474339885166433
LambdaScore,349,82,44,82,-0.29234338747099775,50.0,65.07936507936508,0.4227382885924733
