name,tn,fp,fn,tp,r2,precision,recall,mcc
baseline,953,247,65,129,-0.8682474226804124,34.308510638297875,66.49484536082474,0.35805131441454013
NumberOfLambdaFunctions,953,247,65,129,-0.8682474226804124,34.308510638297875,66.49484536082474,0.35805131441454013
SourceLinesOfLambda,953,247,65,129,-0.8682474226804124,34.308510638297875,66.49484536082474,0.35805131441454013
LambdaScore,957,243,64,130,-0.838307560137457,34.852546916890084,67.0103092783505,0.3655961183271019
LambdaFunctionsUsingOuterVariables,953,247,65,129,-0.8682474226804124,34.308510638297875,66.49484536082474,0.35805131441454013
LambdaFunctionsUsingInnerVariables,949,251,67,127,-0.9041752577319588,33.5978835978836,65.4639175257732,0.34683238449260123
LambdaFunctionsWithSideEffects,952,248,65,129,-0.8742353951890034,34.217506631299734,66.49484536082474,0.3571025358918777
LambdaFunctionsWithAssignment,946,254,70,124,-0.9401030927835052,32.804232804232804,63.91752577319587,0.33284618280756795
