name,tn,fp,fn,tp,r2,precision,recall,mcc
baseline,695,122,52,39,-1.1250622082935422,24.22360248447205,42.857142857142854,0.21955498645512547
NumberOfLambdaFunctions,695,122,52,39,-1.1250622082935422,24.22360248447205,42.857142857142854,0.21955498645512547
SourceLinesOfLambda,695,122,52,39,-1.1250622082935422,24.22360248447205,42.857142857142854,0.21955498645512547
LambdaScore,695,122,52,39,-1.1250622082935422,24.22360248447205,42.857142857142854,0.21955498645512547
LambdaFunctionsUsingOuterVariables,696,121,53,38,-1.1250622082935422,23.89937106918239,41.75824175824176,0.21292083043021762
LambdaFunctionsUsingInnerVariables,697,120,54,37,-1.1250622082935422,23.56687898089172,40.65934065934066,0.20623304941440743
LambdaFunctionsWithSideEffects,695,122,55,36,-1.1617012118848105,22.78481012658228,39.56043956043956,0.19507312654396194
LambdaFunctionsWithAssignment,686,131,55,36,-1.2716182226586143,21.55688622754491,39.56043956043956,0.18235411825525347
