name,tn,fp,fn,tp,r2,precision,recall,mcc
NumberOfLambdaFunctions,1576,159,200,197,-0.1111985423819859,55.33707865168539,49.622166246851386,0.42228131164428173
SourceLinesOfLambda,1602,133,191,206,-0.00286442265115161,60.766961651917406,51.88916876574308,0.4707688776283906
LambdaScore,1426,309,186,211,-0.5321539790503707,40.57692307692308,53.14861460957179,0.32034120232425134
LambdaFunctionsUsingOuterVariables,1735,0,387,10,-0.19786583816665337,100.0,2.518891687657431,0.14350987838339752
LambdaFunctionsUsingInnerVariables,1730,5,379,18,-0.18858005647543896,78.26086956521739,4.534005037783375,0.15999426840464626
LambdaFunctionsWithSideEffects,1703,32,348,49,-0.17619901422048656,60.49382716049383,12.34256926952141,0.2137637378713811
LambdaFunctionsWithAssignment,1726,9,371,26,-0.17619901422048656,74.28571428571429,6.54911838790932,0.1847382801456022
