name,tn,fp,fn,tp,r2,precision,recall,mcc
univariate,18174,2023,241,2051,-0.09987945093360917,50.34364261168385,89.48516579406632,0.6242393858921709
baseline,16963,3234,754,1538,-0.937420163570333,32.22967309304275,67.10296684118674,0.37804820344358564
control,17878,2319,217,2075,-0.2320204450387071,47.223486572599,90.53228621291449,0.6031778675941475
