name,tn,fp,fn,tp,r2,precision,recall,mcc
univariate,1254,133,30,224,0.240747889570761,62.745098039215684,88.18897637795276,0.6890657397190824
baseline,1263,124,46,208,0.20814197071797158,62.65060240963856,81.88976377952756,0.6568091122708797
control,1277,110,24,230,0.3758295533894599,67.64705882352942,90.5511811023622,0.7373339824334564
