name,tn,fp,fn,tp,r2,precision,recall,mcc
univariate,1537,198,44,353,0.2509469435753744,64.06533575317604,88.9168765743073,0.6891784773316224
baseline,1512,223,146,251,-0.14215114801936712,52.95358649789029,63.22418136020151,0.4715692434347544
control,1496,239,41,356,0.1333270421533257,59.831932773109244,89.67254408060454,0.6586824051358674
