name,count,precision mean,precision std,recall mean,recall std,mcc mean,mcc std
baseline,7,42.61275175114834,15.774767311340794,63.40698424209138,10.397234631496168,0.42069689593551984,0.1412662182284827
control,7,55.71968672391545,10.857587139115472,90.79202773826816,0.9760510766502382,0.6527084954109649,0.06603402782142945
univariate,7,57.46316132448312,9.002674455027437,89.88370758323576,1.189569352363902,0.6632335589314454,0.047400331148399
