name,count,precision,recall,mcc
baseline,7,46.16822429906542,63.97984886649875,0.4570255798665586
control,7,56.82967959527825,90.53228621291449,0.6596126919035378
univariate,7,58.8339222614841,89.92248062015504,0.6706231937158341
