name,tn,fp,fn,tp,r2,precision,recall,mcc
univariate,1752,233,34,333,0.13797074791179076,58.8339222614841,90.73569482288828,0.6706231937158341
baseline,1697,288,120,247,-0.3172581829662522,46.16822429906542,67.30245231607628,0.4570255798665586
control,1729,256,30,337,0.07662784233247999,56.82967959527825,91.82561307901908,0.6596126919035378
