name,tn,fp,fn,tp,r2,precision,recall,mcc
univariate,3725,437,37,293,-0.5502511904241842,40.136986301369866,88.7878787878788,0.5536471148583763
baseline,3316,846,156,174,-2.2771132759599846,17.058823529411764,52.72727272727272,0.20177616637389637
control,3687,475,33,297,-0.6614506429018683,38.47150259067357,90.0,0.5434752875169409
