name,tn,fp,fn,tp,r2,precision,recall,mcc
baseline,17001,3196,776,1516,-0.9296471639170918,32.173174872665534,66.14310645724258,0.3740680717586833
NumberOfLambdaFunctions,16970,3227,769,1523,-0.9413066633969533,32.06315789473685,66.44851657940663,0.37409369072808324
SourceLinesOfLambda,16882,3315,751,1541,-0.9753135368798831,31.733937397034595,67.23385689354275,0.37366934519549955
LambdaScore,16930,3267,769,1523,-0.9607391625300561,31.795407098121085,66.44851657940663,0.37148569760118383
LambdaFunctionsUsingOuterVariables,16926,3271,765,1527,-0.9607391625300561,31.825760733639015,66.62303664921467,0.37240233807312134
LambdaFunctionsUsingInnerVariables,16984,3213,767,1525,-0.9335336637437124,32.186576614605315,66.53577661431065,0.37560213598162234
LambdaFunctionsWithSideEffects,16919,3278,767,1525,-0.965111474835004,31.750988965230064,66.53577661431065,0.3713610438586267
LambdaFunctionsWithAssignment,16918,3279,761,1531,-0.9626824124433664,31.829521829521827,66.7975567190227,0.3730591138860796
