name,tn,fp,fn,tp,r2,precision,recall,mcc
baseline,1249,138,48,206,0.13361415619730999,59.883720930232556,81.10236220472441,0.6322634297448053
NumberOfLambdaFunctions,1256,131,48,206,0.1662200750500994,61.12759643916914,81.10236220472441,0.6415981446484942
SourceLinesOfLambda,1252,135,47,207,0.15224610982747544,60.526315789473685,81.49606299212599,0.6390531674780758
LambdaScore,1253,134,51,203,0.13827214460485138,60.23738872403561,79.92125984251969,0.6290863098702248
LambdaFunctionsUsingOuterVariables,1263,124,51,203,0.18485202868026485,62.079510703363916,79.92125984251969,0.6427265832757306
LambdaFunctionsUsingInnerVariables,1256,131,49,205,0.1615620866425581,61.011904761904766,80.70866141732283,0.6387770007972312
LambdaFunctionsWithSideEffects,1253,134,49,205,0.14758812141993405,60.47197640117994,80.70866141732283,0.634744117076866
LambdaFunctionsWithAssignment,1250,137,49,205,0.13361415619730999,59.94152046783626,80.70866141732283,0.6307572225702048
