name,count,precision mean,precision std,recall mean,recall std,mcc mean,mcc std
LambdaFunctionsUsingInnerVariables,7,40.01679306686531,14.776861410288538,64.7085289986818,11.07072261390424,0.40445527325730213,0.1428134864761248
LambdaFunctionsUsingOuterVariables,7,39.922199041226065,14.414753428771071,64.85972119545747,10.945509512113029,0.40436579708453896,0.13858911233787888
LambdaFunctionsWithAssignment,7,40.108785926940264,14.616565184024326,64.81120306826189,10.633919350020417,0.405532704817748,0.13988197712142636
LambdaFunctionsWithSideEffects,7,40.035710286389254,14.814320690815945,65.02256945420602,10.92012008916762,0.4057163452785481,0.14205967381619525
LambdaScore,7,39.85520936185963,14.62111957220672,64.96483889317916,10.766364458799522,0.4040158753484317,0.1402733788406941
NumberOfLambdaFunctions,7,40.38823876233236,14.071538106913026,65.18315140694293,10.364751053802523,0.4103253234450201,0.13183708888871692
SourceLinesOfLambda,7,40.26717540928234,14.955256136259518,64.70286816909763,10.309550570704793,0.4059012977903513,0.14044956744561607
baseline,7,39.95106627505182,14.408539457732772,64.71232814557396,10.75266851938027,0.4039437393753548,0.1373442854902066
