name,count,precision mean,precision std,recall mean,recall std,mcc mean,mcc std
LambdaFunctionsUsingInnerVariables,7,41.56147308815606,15.939615660523579,63.646108270414636,9.164633609035345,0.4117294538300435,0.14192453408402228
LambdaFunctionsUsingOuterVariables,7,41.69417268807182,16.178587068745276,63.24178074500638,9.55302509044286,0.41119806078860205,0.1459202275622642
LambdaFunctionsWithAssignment,7,41.58440218525233,16.46699387822131,63.212544159173135,10.23633317959098,0.410141841862237,0.15107296053797403
LambdaFunctionsWithSideEffects,7,41.22893765037052,15.875423763330849,63.635289238031085,10.082405458502057,0.4091255388673404,0.14524468924226192
LambdaScore,7,41.34025275084495,15.75991311350447,63.5152782042275,9.741856156728469,0.4096761461829101,0.14276523582084552
NumberOfLambdaFunctions,7,41.39387211699467,15.47521895906659,63.60767144216111,9.749052056479869,0.41110137876396313,0.13928389478013556
SourceLinesOfLambda,7,41.34065718423435,15.772692834745227,63.351280137753754,9.62674326645178,0.4090096396251938,0.14147152702999052
baseline,7,41.42716524540008,15.897176557574959,63.74290227946832,9.626648679726001,0.41127032911043404,0.1436922835922227
