name,count,precision mean,precision std,recall mean,recall std,mcc mean,mcc std
LambdaFunctionsUsingInnerVariables,7,41.51371219590619,15.811042051486973,63.736581247700954,10.28141458244663,0.4123952901869549,0.14524830835251237
LambdaFunctionsUsingOuterVariables,7,41.44818276186963,16.038536428340016,63.55979156187253,10.179824885623491,0.41078551093577875,0.14663571374431897
LambdaFunctionsWithAssignment,7,41.339829759883926,15.616116737468586,63.92673952849752,10.36367474320388,0.41185149384003344,0.14327040026768018
LambdaFunctionsWithSideEffects,7,41.190151763091386,15.636574677891671,63.867627410894336,10.02208778580036,0.4100284193907267,0.14288839891652025
LambdaScore,7,41.42997677388852,15.797776393939372,63.83091281663313,10.086323453389594,0.4120670355216806,0.14374983280435855
NumberOfLambdaFunctions,7,41.8491687725193,15.521661212489201,64.07567042127666,9.945057486761216,0.4173686339586533,0.14001679342825965
SourceLinesOfLambda,7,41.37894085385018,15.684438851158609,64.27421967707699,9.992557189996381,0.41329977888716946,0.1427702929795044
baseline,7,41.36182386150573,15.498067435377962,63.92129843261756,10.093901884512272,0.41204366203768233,0.14195644081928466
