name,tn,fp,fn,tp,r2,precision,recall,mcc
baseline,1687,298,117,250,-0.3398582008112614,45.62043795620438,68.11989100817438,0.45588881365870626
NumberOfLambdaFunctions,1681,304,117,250,-0.35922964467841223,45.12635379061371,68.11989100817438,0.4515843176352969
SourceLinesOfLambda,1685,300,117,250,-0.34631534876697834,45.45454545454545,68.11989100817438,0.45444780847898186
LambdaScore,1684,301,114,253,-0.3398582008112614,45.667870036101085,68.93732970027247,0.4598674682512203
LambdaFunctionsUsingOuterVariables,1686,299,118,249,-0.34631534876697834,45.43795620437956,67.8474114441417,0.4531173098236413
LambdaFunctionsUsingInnerVariables,1690,295,117,250,-0.3301724788776861,45.87155963302752,68.11989100817438,0.4580620584942391
LambdaFunctionsWithSideEffects,1681,304,116,251,-0.35600107070055387,45.22522522522522,68.39237057220708,0.4536315908013436
LambdaFunctionsWithAssignment,1684,301,114,253,-0.3398582008112614,45.667870036101085,68.93732970027247,0.4598674682512203
