name,tn,fp,fn,tp,r2,precision,recall,mcc
baseline,3327,835,156,174,-2.2411369825113217,17.244796828543112,52.72727272727272,0.204204697194301
NumberOfLambdaFunctions,3431,731,156,174,-1.9009974808148762,19.226519337016573,52.72727272727272,0.22872381095911848
SourceLinesOfLambda,3347,815,154,176,-2.1691843956139967,17.759838546922303,53.333333333333336,0.21235717410019864
LambdaScore,3335,827,157,173,-2.218242977589446,17.299999999999997,52.42424242424243,0.20416208201534902
LambdaFunctionsUsingOuterVariables,3328,834,156,174,-2.2378664103796253,17.261904761904763,52.72727272727272,0.20442689903980615
LambdaFunctionsUsingInnerVariables,3328,834,156,174,-2.2378664103796253,17.261904761904763,52.72727272727272,0.20442689903980615
LambdaFunctionsWithSideEffects,3332,830,156,174,-2.224784121852839,17.330677290836654,52.72727272727272,0.20531811619282753
LambdaFunctionsWithAssignment,3328,834,156,174,-2.2378664103796253,17.261904761904763,52.72727272727272,0.20442689903980615
