name,tn,fp,fn,tp,r2,precision,recall,mcc
baseline,2477,452,198,189,-0.9015053069059908,29.485179407176286,48.837209302325576,0.2716063463730973
NumberOfLambdaFunctions,2483,446,195,192,-0.8751767718872925,30.094043887147336,49.6124031007752,0.28007423479257554
SourceLinesOfLambda,2465,464,195,192,-0.9278338419246892,29.268292682926827,49.6124031007752,0.27218489659551287
LambdaScore,2458,471,197,190,-0.9541623769433876,28.74432677760968,49.09560723514212,0.26533462078200437
LambdaFunctionsUsingOuterVariables,2476,453,199,188,-0.9073560924657016,29.329173166926676,48.57881136950905,0.269227817402094
LambdaFunctionsUsingInnerVariables,2470,459,199,188,-0.9249084491448338,29.057187017001546,48.57881136950905,0.26661793345813894
LambdaFunctionsWithSideEffects,2466,463,201,186,-0.9424608058239661,28.65947611710323,48.06201550387597,0.2610192904932102
LambdaFunctionsWithAssignment,2478,451,196,191,-0.8927291285664247,29.750778816199375,49.35400516795866,0.27592228881060643
