name,tn,fp,fn,tp,r2,precision,recall,mcc
Akka,17013,3184,780,1512,-0.9257606640904712,32.19761499148211,65.96858638743456,0.37367951646571645
Gitbucket,1269,118,53,201,0.2034839823104302,63.00940438871473,79.13385826771653,0.645521037736114
Http4s,1479,256,125,272,-0.17929427478422455,51.515151515151516,68.51385390428212,0.48481438997251963
Quill,881,167,89,164,-0.2561325166701869,49.546827794561935,64.82213438735178,0.44425732952648145
Scio,1676,309,116,251,-0.3721439405898461,44.82142857142858,68.39237057220708,0.45008534672105077
Shapeless,3212,950,146,184,-2.584547056339464,16.225749559082892,55.757575757575765,0.19777864089132355
ZIO,2506,423,203,184,-0.8312958801894619,30.31301482701812,47.54521963824289,0.2748459387144962
