name,tn,fp,fn,tp,r2,precision,recall,mcc
Akka,5703,1010,276,554,-0.740966188603662,35.42199488491048,66.74698795180723,0.399087672781439
Gitbucket,440,69,32,54,-0.3728468954173709,43.90243902439025,62.7906976744186,0.42751947835882087
Http4s,1002,282,48,113,-1.306698786788182,28.607594936708864,70.1863354037267,0.3404575337061156
Quill,841,146,23,44,-1.693613996884877,23.157894736842106,65.67164179104478,0.32292657854155954
Scio,988,212,73,121,-0.7065721649484535,36.33633633633634,62.371134020618555,0.36287964163704445
Shapeless,1788,402,74,109,-1.81844449434838,21.330724070450096,59.56284153005464,0.26743294624919467
ZIO,716,101,48,43,-0.8197371783663092,29.86111111111111,47.25274725274725,0.28682058812266636
