name,tn,fp,fn,tp,r2,precision,recall,mcc
Akka,5697,1016,276,554,-0.749088892438516,35.28662420382165,66.74698795180723,0.3978354200103389
Gitbucket,439,70,30,56,-0.35925435189838706,44.44444444444444,65.11627906976744,0.44207277109095183
Http4s,1013,271,49,112,-1.2367988235521765,29.242819843342037,69.56521739130434,0.34547046655144464
Quill,844,143,22,45,-1.6298598194438148,23.93617021276596,67.16417910447761,0.33571403597066657
Scio,1000,200,74,120,-0.6407044673539519,37.5,61.855670103092784,0.37191793511874316
Shapeless,1833,357,77,106,-1.5697582154352876,22.894168466522675,57.92349726775956,0.28019778474068924
ZIO,695,122,48,43,-1.0762102035051853,26.060606060606062,47.25274725274725,0.2516909465288074
