name,tn,fp,fn,tp,r2,precision,recall,mcc
Akka,16962,3235,779,1513,-0.9500512880068497,31.866048862679026,66.01221640488656,0.3706233595735392
Gitbucket,1263,124,51,203,0.18485202868026485,62.079510703363916,79.92125984251969,0.6427265832757306
Http4s,1486,249,131,266,-0.17619901422048656,51.6504854368932,67.00251889168766,0.4788422327917788
Quill,913,135,96,157,-0.133463325589114,53.76712328767124,62.055335968379445,0.466483618168272
Scio,1676,309,122,245,-0.39151538445699696,44.22382671480145,66.7574931880109,0.43777906660875787
Shapeless,3326,836,155,175,-2.2411369825113217,17.309594460929773,53.03030303030303,0.205804180466281
ZIO,2444,485,188,199,-0.9687893408426644,29.093567251461987,51.42118863049095,0.27663326288867873
