name,tn,fp,fn,tp,r2,precision,recall,mcc
Akka,16963,3234,754,1538,-0.937420163570333,32.22967309304275,67.10296684118674,0.37804820344358564
Gitbucket,1263,124,46,208,0.20814197071797158,62.65060240963856,81.88976377952756,0.6568091122708797
Http4s,1512,223,143,254,-0.1328653663281527,53.24947589098532,63.97984886649874,0.47756843080357686
Quill,923,125,102,151,-0.11383625501614225,54.710144927536234,59.683794466403164,0.4623333511994102
Scio,1697,288,120,247,-0.3172581829662522,46.16822429906542,67.30245231607628,0.4570255798665586
Shapeless,3416,746,156,174,-1.9500560627903254,18.913043478260867,52.72727272727272,0.22499740976679142
ZIO,2475,454,189,198,-0.8810275574470032,30.368098159509206,51.162790697674424,0.28809618419783634
