name,tn,fp,fn,tp,r2,precision,recall,mcc
baseline,1807,383,85,98,-1.771075679317315,20.374220374220375,53.551912568306015,0.2393207201564234
NumberOfLambdaFunctions,1829,361,76,107,-1.5875215210719373,22.863247863247864,58.46994535519126,0.281501642376799
SourceLinesOfLambda,1820,370,82,101,-1.6763380492551843,21.443736730360936,55.19125683060109,0.25614653087414185
LambdaScore,1793,397,84,99,-1.848050003742796,19.959677419354836,54.09836065573771,0.23600498922394664
LambdaFunctionsUsingOuterVariables,1810,380,85,98,-1.7533123736806653,20.502092050209207,53.551912568306015,0.24079163140975315
LambdaFunctionsUsingInnerVariables,1810,380,85,98,-1.7533123736806653,20.502092050209207,53.551912568306015,0.24079163140975315
LambdaFunctionsWithSideEffects,1801,389,84,99,-1.8006811887117307,20.28688524590164,54.09836065573771,0.23983733137187638
LambdaFunctionsWithAssignment,1810,380,85,98,-1.7533123736806653,20.502092050209207,53.551912568306015,0.24079163140975315
