name,tn,fp,fn,tp,r2,precision,recall,mcc
baseline,722,95,47,44,-0.734246169986684,31.654676258992804,48.35164835164835,0.30627255012856125
NumberOfLambdaFunctions,712,105,48,43,-0.8685891831546666,29.054054054054053,47.25274725274725,0.2796811811034318
SourceLinesOfLambda,715,102,47,44,-0.8197371783663092,30.136986301369863,48.35164835164835,0.2932055838299457
LambdaScore,713,104,47,44,-0.8441631807604879,29.72972972972973,48.35164835164835,0.2896104316680986
LambdaFunctionsUsingOuterVariables,718,99,46,45,-0.770885173577952,31.25,49.45054945054945,0.3069002407067359
LambdaFunctionsUsingInnerVariables,713,104,46,45,-0.8319501795633986,30.201342281879196,49.45054945054945,0.2977370001991822
LambdaFunctionsWithSideEffects,714,103,44,47,-0.7953111759721307,31.333333333333336,51.64835164835166,0.3157004741472687
LambdaFunctionsWithAssignment,718,99,48,43,-0.7953111759721307,30.28169014084507,47.25274725274725,0.29047993831779007
