name,tn,fp,fn,tp,r2,precision,recall,mcc
Akka,42702,16053,1268,1478,-5.602520762981663,8.430779761565226,53.823743627093954,0.12124579870431644
Gitbucket,2238,855,69,112,-4.403711463954428,11.582213029989658,61.87845303867403,0.1715013203911456
Http4s,3153,1449,223,340,-2.3331249136409147,19.005030743432087,60.39076376554174,0.18931537120450104
Quill,1780,875,142,231,-2.1095924024174124,20.88607594936709,61.93029490616622,0.19775843865147516
Scio,5998,1204,292,376,-1.4472410358400105,23.79746835443038,56.287425149700596,0.27531209504392173
Shapeless,4741,2632,202,239,-5.810679278719037,8.324625566004876,54.19501133786848,0.0885391574244422
ZIO,12949,4854,792,555,-3.5086743094148316,10.260676650027731,41.202672605790646,0.07916822045589332
