name,tn,fp,fn,tp,r2,precision,recall,mcc
Akka,2772,654,261,419,-0.6126635417739776,39.049394221808015,61.617647058823536,0.3598242256497364
Gitbucket,172,47,21,49,-0.2819308545335941,51.041666666666664,70.0,0.4415155014325327
Http4s,576,222,54,91,-1.249312937516204,29.073482428115017,62.758620689655174,0.2676420617362866
Quill,504,112,25,30,-1.7133116883116886,21.12676056338028,54.54545454545454,0.2442119991302294
Scio,588,197,62,100,-0.928701737831249,33.670033670033675,61.72839506172839,0.2973227792303483
Shapeless,1246,217,89,81,-1.00915926179084,27.181208053691275,47.647058823529406,0.25945614059306715
ZIO,488,73,39,33,-0.7551990493166965,31.132075471698112,45.83333333333333,0.2790868264120632
