name,tn,fp,fn,tp,r2,precision,recall,mcc
Akka,2972,454,298,382,-0.32538030974211063,45.69377990430622,56.1764705882353,0.39625984085931737
Gitbucket,188,31,26,44,-0.07455968688845394,58.666666666666664,62.857142857142854,0.47596979114892746
Http4s,672,126,73,72,-0.621787226687408,36.36363636363637,49.6551724137931,0.2999402546452918
Quill,537,79,30,25,-1.1587662337662339,24.03846153846154,45.45454545454545,0.24733116718681447
Scio,663,122,74,88,-0.45955807187229647,41.904761904761905,54.32098765432099,0.3515216814554677
Shapeless,1299,164,99,71,-0.7268264243496436,30.21276595744681,41.76470588235294,0.265851704447176
ZIO,511,50,36,36,-0.3477421271538921,41.86046511627907,50.0,0.38072628269895886
