name,tn,fp,fn,tp,r2,precision,recall,mcc
baseline,16963,3234,754,1538,-0.937420163570333,32.22967309304275,67.10296684118674,0.37804820344358564
NumberOfLambdaFunctions,16953,3244,769,1523,-0.9495654755285221,31.94881476819803,66.44851657940663,0.37298204909549126
SourceLinesOfLambda,16914,3283,763,1529,-0.9655972873133316,31.77472984206151,66.71029668411867,0.37221285301012197
LambdaScore,16935,3262,759,1533,-0.9534519753551425,31.97080291970803,66.8848167539267,0.3747500492087668
LambdaFunctionsUsingOuterVariables,16927,3270,764,1528,-0.9597675375734009,31.846602751146314,66.66666666666666,0.37276110557120024
LambdaFunctionsUsingInnerVariables,16939,3258,758,1534,-0.9510229129635048,32.01168614357262,66.92844677137872,0.375304234791236
LambdaFunctionsWithSideEffects,16940,3257,753,1539,-0.9481080380935394,32.08924103419516,67.14659685863874,0.37683792944613304
LambdaFunctionsWithAssignment,16949,3248,747,1545,-0.9408208509186258,32.23450865846026,67.40837696335078,0.37918704871369063
