name,tn,fp,fn,tp,r2,precision,recall,mcc
baseline,1263,124,46,208,0.20814197071797158,62.65060240963856,81.88976377952756,0.6568091122708797
NumberOfLambdaFunctions,1253,134,49,205,0.14758812141993405,60.47197640117994,80.70866141732283,0.634744117076866
SourceLinesOfLambda,1259,128,48,206,0.18019404027272345,61.67664670658682,81.10236220472441,0.6456761388076447
LambdaScore,1259,128,50,204,0.17087806345764078,61.44578313253012,80.31496062992126,0.6400336452944358
LambdaFunctionsUsingOuterVariables,1259,128,48,206,0.18019404027272345,61.67664670658682,81.10236220472441,0.6456761388076447
LambdaFunctionsUsingInnerVariables,1253,134,49,205,0.14758812141993405,60.47197640117994,80.70866141732283,0.634744117076866
LambdaFunctionsWithSideEffects,1258,129,49,205,0.17087806345764078,61.377245508982035,80.70866141732283,0.6414916494755356
LambdaFunctionsWithAssignment,1265,122,50,204,0.1988259939028888,62.57668711656442,80.31496062992126,0.6483430121648867
