name,count,precision mean,precision std,recall mean,recall std,mcc mean,mcc std
LambdaFunctionsUsingInnerVariables,7,42.24454303364132,15.216765093285305,63.28715187546572,9.938152869150949,0.4173085398150812,0.13405793142498335
LambdaFunctionsUsingOuterVariables,7,42.34490869642002,15.56905947592041,63.10592467519019,10.270773575827857,0.417285631477197,0.13863077377200575
LambdaFunctionsWithAssignment,7,42.68574780960914,15.668569909782258,63.1753890068823,10.246304645991055,0.420409082383271,0.13886925614233034
LambdaFunctionsWithSideEffects,7,42.21681790287753,15.443034395147096,63.23443136221634,10.082951880015983,0.416742945030828,0.13701366657966998
LambdaScore,7,42.478020280988446,15.346212280033113,63.19026680021227,9.91450010421344,0.41886362272888655,0.13476969971984193
NumberOfLambdaFunctions,7,42.17274557730565,15.386418887986254,63.208014128473636,9.761044398185321,0.41616280622768137,0.13440736320638844
SourceLinesOfLambda,7,42.426092085843216,15.717214572345803,63.167079329718774,10.293669870977208,0.418154802774256,0.1398446731619039
baseline,7,42.61275175114834,15.774767311340794,63.40698424209138,10.397234631496168,0.42069689593551984,0.1412662182284827
