name,count,precision,recall,mcc
LambdaFunctionsUsingInnerVariables,7,45.996275605214144,63.97984886649875,0.45555390175130606
LambdaFunctionsUsingOuterVariables,7,46.16822429906542,63.476070528967256,0.4570255798665586
LambdaFunctionsWithAssignment,7,46.282527881040885,63.97984886649875,0.4603993498306393
LambdaFunctionsWithSideEffects,7,45.74074074074074,63.72795969773299,0.4533585599965536
LambdaScore,7,45.64007421150279,64.48362720403023,0.4513011255658057
NumberOfLambdaFunctions,7,45.8955223880597,63.97984886649875,0.45349584180271996
SourceLinesOfLambda,7,45.98130841121496,64.48362720403023,0.4542306579768861
baseline,7,46.16822429906542,63.97984886649875,0.4570255798665586
