name,tn,fp,fn,tp,r2,precision,recall,mcc
baseline,3416,746,156,174,-1.9500560627903254,18.913043478260867,52.72727272727272,0.22499740976679142
NumberOfLambdaFunctions,3455,707,157,173,-1.8257743217858549,19.65909090909091,52.42424242424243,0.232944471870805
SourceLinesOfLambda,3417,745,155,175,-1.9435149185269323,19.021739130434785,53.03030303030303,0.22711178518450917
LambdaScore,3423,739,155,175,-1.9238914857367524,19.14660831509847,53.03030303030303,0.22859913336627155
LambdaFunctionsUsingOuterVariables,3416,746,156,174,-1.9500560627903254,18.913043478260867,52.72727272727272,0.22499740976679142
LambdaFunctionsUsingInnerVariables,3416,746,156,174,-1.9500560627903254,18.913043478260867,52.72727272727272,0.22499740976679142
LambdaFunctionsWithSideEffects,3424,738,155,175,-1.920620913605056,19.167579408543265,53.03030303030303,0.2288481065217331
LambdaFunctionsWithAssignment,3416,746,156,174,-1.9500560627903254,18.913043478260867,52.72727272727272,0.22499740976679142
