name,tn,fp,fn,tp,r2,precision,recall,mcc
baseline,3423,739,157,173,-1.9304326300001455,18.969298245614034,52.42424242424243,0.22485488175733978
NumberOfLambdaFunctions,3456,706,155,175,-1.815962605390765,19.863791146424518,53.03030303030303,0.2369845292898473
SourceLinesOfLambda,3411,751,156,174,-1.966408923448808,18.81081081081081,52.72727272727272,0.22377060408404867
LambdaScore,3415,747,156,174,-1.9533266349220217,18.892508143322477,52.72727272727272,0.22475144454193985
LambdaFunctionsUsingOuterVariables,3425,737,157,173,-1.9238914857367524,19.01098901098901,52.42424242424243,0.22535091476283162
LambdaFunctionsUsingInnerVariables,3425,737,157,173,-1.9238914857367524,19.01098901098901,52.42424242424243,0.22535091476283162
LambdaFunctionsWithSideEffects,3422,740,155,175,-1.9271620578684492,19.12568306010929,53.03030303030303,0.22835047072493928
LambdaFunctionsWithAssignment,3425,737,157,173,-1.9238914857367524,19.01098901098901,52.42424242424243,0.22535091476283162
