name,tn,fp,fn,tp,r2,precision,recall,mcc
NumberOfLambdaFunctions baseline,287,118,73,211,-0.14414014953921073,64.13373860182371,74.29577464788733,0.4450319056749
NumberOfLambdaFunctions,289,116,77,207,-0.15612067466527568,64.08668730650155,72.88732394366197,0.4364278928270393
SourceLinesOfLambda baseline,287,118,73,211,-0.14414014953921073,64.13373860182371,74.29577464788733,0.4450319056749
SourceLinesOfLambda,287,118,78,206,-0.17409146235437323,63.580246913580254,72.53521126760563,0.4280076759137985
LambdaScore baseline,287,118,73,211,-0.14414014953921073,64.13373860182371,74.29577464788733,0.4450319056749
LambdaScore,293,112,73,211,-0.10819857416101564,65.3250773993808,74.29577464788733,0.4600626273111587
LambdaFunctionsWithSideEffects baseline,20,12,14,35,-0.34311224489795933,74.46808510638297,71.42857142857143,0.3360858403966819
LambdaFunctionsWithSideEffects,19,13,14,35,-0.3947704081632655,72.91666666666666,71.42857142857143,0.30647602976119
