name,tn,fp,fn,tp,r2,precision,recall,mcc
NumberOfLambdaFunctions baseline,146,46,28,84,-0.04613095238095255,64.61538461538461,75.0,0.49766623050195175
NumberOfLambdaFunctions,151,41,33,79,-0.04613095238095255,65.83333333333333,70.53571428571429,0.4853581001020933
SourceLinesOfLambda baseline,146,46,28,84,-0.04613095238095255,64.61538461538461,75.0,0.49766623050195175
SourceLinesOfLambda,146,46,29,83,-0.060267857142857206,64.34108527131784,74.10714285714286,0.4894477924008359
LambdaScore baseline,146,46,28,84,-0.04613095238095255,64.61538461538461,75.0,0.49766623050195175
LambdaScore,147,45,30,82,-0.060267857142857206,64.56692913385827,73.21428571428571,0.4868531463989011
