name,tn,fp,fn,tp,r2,precision,recall,mcc
NumberOfLambdaFunctions baseline,358,70,72,160,0.05615533354817914,69.56521739130434,68.96551724137932,0.5271559897653801
NumberOfLambdaFunctions,354,74,74,158,0.0162745729938768,68.10344827586206,68.10344827586206,0.5081372864969385
SourceLinesOfLambda baseline,358,70,72,160,0.05615533354817914,69.56521739130434,68.96551724137932,0.5271559897653801
SourceLinesOfLambda,349,79,74,158,-0.016959394134708372,66.66666666666666,68.10344827586206,0.4940847474929962
LambdaScore baseline,358,70,72,160,0.05615533354817914,69.56521739130434,68.96551724137932,0.5271559897653801
LambdaScore,357,71,77,155,0.0162745729938768,68.58407079646017,66.8103448275862,0.5053089488607571
LambdaFunctionsWithSideEffects baseline,36,10,22,34,-0.2670807453416144,77.27272727272727,60.71428571428571,0.3915799516634548
LambdaFunctionsWithSideEffects,34,12,22,34,-0.3462732919254654,73.91304347826086,60.71428571428571,0.34627329192546585
