name,tn,fp,fn,tp,r2,precision,recall,mcc
Akka,6195,518,507,323,-0.3876285717875223,38.40665873959572,38.915662650602414,0.31020006963384883
Gitbucket,456,53,38,48,-0.23692146022753224,47.524752475247524,55.81395348837209,0.42525850426892353
Http4s,1137,147,83,78,-0.6076991544281269,34.66666666666667,48.4472049689441,0.32107733289361984
Quill,855,132,37,30,-1.693613996884877,18.51851851851852,44.776119402985074,0.2124305323917397
Scio,1073,127,103,91,-0.377233676975945,41.74311926605505,46.90721649484536,0.3461400486503287
Shapeless,2034,156,113,70,-0.5927764054195677,30.973451327433626,38.25136612021858,0.2828978668918215
ZIO,760,57,56,35,-0.38006913527109365,38.04347826086957,38.46153846153847,0.3133239488118843
