name,tn,fp,fn,tp,r2,precision,recall,mcc
univariate,52889,5866,274,2472,-1.3404813512330356,29.647397457423843,90.02184996358339,0.48287344891259887
baseline,46006,12749,1339,1407,-4.37014678765,9.939248375247246,51.238164603059,0.14493382204400201
control,52581,6174,261,2485,-1.4529311881408118,28.698464025869036,90.4952658412236,0.4749739737258407
