name,tn,fp,fn,tp,r2,precision,recall,mcc
univariate,2760,333,12,169,-1.0176195401128547,33.66533864541832,93.37016574585635,0.5239398483615021
baseline,2374,719,70,111,-3.6142081656493987,13.373493975903614,61.32596685082873,0.20004869022006994
control,2735,358,12,169,-1.1638238546137862,32.06831119544592,93.37016574585635,0.5086567111768961
