name,precision,recall,mcc
baseline,13.373493975903616,54.790419161676645,0.18474075761689493
control,40.86311530681052,90.56886227544909,0.566333694033898
univariate,40.90448869389133,90.24943310657595,0.5666869691608991
