name,tn,fp,fn,tp,r2,precision,recall,mcc
Akka,7908,3143,912,1052,-1.4315990701139185,25.077473182359956,53.56415478615071,0.19241891543223477
Gitbucket,395,127,115,113,-0.5250050413389797,47.083333333333336,49.56140350877193,0.24880662964939387
Http4s,771,223,184,172,-0.5527151674089479,43.54430379746835,48.31460674157304,0.2506583718594551
Quill,477,190,93,118,-0.7655200835601161,38.311688311688314,55.92417061611374,0.24566899835025707
Scio,1037,354,166,157,-0.9837388964439686,30.724070450097845,48.60681114551084,0.19797626408832816
Shapeless,2273,837,169,138,-2.60034563297967,14.153846153846153,44.951140065146575,0.11422511046455498
ZIO,1717,310,139,149,-0.7805373979060461,32.46187363834422,51.736111111111114,0.3016732709401493
