name,tn,fp,fn,tp,r2,precision,recall,mcc
Akka,2596,830,331,349,-1.046232100545998,29.60135708227311,51.3235294117647,0.22263913354774637
Gitbucket,158,61,27,43,-0.6589693411611217,41.34615384615385,61.42857142857143,0.29969573118436976
Http4s,608,190,81,64,-1.2085645147351136,25.196850393700785,44.13793103448276,0.1652959944352673
Quill,488,128,29,26,-2.1094155844155846,16.883116883116884,47.27272727272727,0.1728245803933795
Scio,594,191,92,70,-1.1074231343870404,26.81992337164751,43.20987654320987,0.1591040868107401
Shapeless,1156,307,95,75,-1.6394837360781627,19.63350785340314,44.11764705882353,0.16688801817840568
ZIO,455,106,33,39,-1.1783273915626857,26.89655172413793,54.166666666666664,0.26649056238600943
