name,tn,fp,fn,tp,r2,precision,recall,mcc
Akka,5237,2125,621,737,-1.3950877791020964,25.751222921034238,54.27098674521355,0.1961931995804805
Gitbucket,272,127,86,92,-0.7304637999493118,42.00913242009132,51.68539325842697,0.1889821086897363
Http4s,709,224,160,140,-0.6915755627009645,38.46153846153847,46.666666666666664,0.21313963043236148
Quill,461,175,91,98,-0.8256464011180995,35.8974358974359,51.85185185185185,0.21735022237517074
Scio,956,334,157,154,-0.9593982900869911,31.557377049180328,49.51768488745981,0.20305404876204564
Shapeless,1790,656,150,127,-2.2392648721407675,16.219667943805874,45.84837545126354,0.1270878772654495
ZIO,1568,286,137,143,-0.738869625520111,33.33333333333333,51.07142857142857,0.300293267452553
