name,tn,fp,fn,tp,r2,precision,recall,mcc
Akka,5486,1876,496,862,-1.068881359078723,31.48283418553689,63.47569955817378,0.2968363587928083
Gitbucket,260,139,48,130,-0.5192334769508042,48.3271375464684,73.03370786516854,0.35364687884985735
Http4s,630,303,120,180,-0.8633762057877814,37.267080745341616,60.0,0.24194164424899012
Quill,438,198,91,98,-0.9835030448237998,33.108108108108105,51.85185185185185,0.18153937348361032
Scio,841,449,89,222,-1.1469578005433831,33.084947839046194,71.38263665594855,0.2932740862393975
Shapeless,1739,707,132,145,-2.371889860702362,17.018779342723008,52.34657039711191,0.15283065281819827
ZIO,1642,212,128,152,-0.39767298505162585,41.75824175824176,54.285714285714285,0.38464252756807377
