name,tn,fp,fn,tp,r2,precision,recall,mcc
baseline,17007,3190,772,1520,-0.9247890391338163,32.27176220806794,66.3176265270506,0.3756448892148663
ImplicitDefinitions,17048,3149,785,1507,-0.9111862897406444,32.36683848797251,65.75043630017451,0.37452517944462527
ImplicitConversions,16948,3249,775,1517,-0.9549094127901252,31.829626521191773,66.18673647469458,0.37088943773658833
ImplicitParameters,16992,3205,775,1517,-0.9335336637437124,32.12621770436256,66.18673647469458,0.3737699992373461
OverridingPatternVariables,16985,3212,784,1508,-0.9413066633969533,31.949152542372882,65.79406631762653,0.37065338322121544
UsageOfNull,17060,3137,767,1525,-0.8966119153908174,32.71128271128271,66.53577661431065,0.38065165720704414
UnitVariables,17036,3161,792,1500,-0.9204167268288681,32.181935207037114,65.44502617801047,0.37165375125674016
FunctionVariables,16936,3261,775,1517,-0.9607391625300561,31.749686061113437,66.18673647469458,0.37010942555492
NumberOfReturns,16994,3203,781,1511,-0.9354769136570227,32.05345778532032,65.92495636998254,0.3721306794451843
