name,count,precision,recall,mcc
FunctionVariables,7,45.08050089445438,66.01221640488656,0.4387352370743836
ImplicitConversions,7,44.919786096256686,65.83769633507853,0.4429503322896953
ImplicitDefinitions,7,44.12811387900357,65.61954624781849,0.44043494503090097
ImplicitParameters,7,45.207956600361655,66.40488656195463,0.44479528746212427
NumberOfReturns,7,44.90161001788909,65.57591623036649,0.4429503322896953
OverridingPatternVariables,7,44.26807760141093,65.7504363001745,0.4403494874345572
UnitVariables,7,44.82142857142858,65.88132635253055,0.4474048989700869
UsageOfNull,7,44.919786096256686,66.71029668411867,0.4350530435215765
baseline,7,44.82142857142858,65.96858638743456,0.4442573295264815
