name,tn,fp,fn,tp,r2,precision,recall,mcc
baseline,876,172,88,165,-0.2757595872431584,48.96142433234421,65.21739130434783,0.4409134343416034
ImplicitDefinitions,893,155,89,164,-0.19725130495127186,51.410658307210035,64.82213438735178,0.46029704230911617
ImplicitConversions,883,165,87,166,-0.23650544609721513,50.15105740181269,65.61264822134387,0.45317531018878077
ImplicitParameters,878,170,88,165,-0.26594605195667276,49.25373134328358,65.21739130434783,0.44349702829351695
OverridingPatternVariables,878,170,87,166,-0.2610392843134297,49.404761904761905,65.61264822134387,0.44664022806085346
UsageOfNull,887,161,89,164,-0.22669191081072926,50.46153846153846,64.82213438735178,0.4521935635723977
UnitVariables,877,171,88,165,-0.2708528195999156,49.107142857142854,65.21739130434783,0.4422030883923554
FunctionVariables,882,166,92,161,-0.26594605195667276,49.235474006116206,63.63636363636363,0.4360990877387925
NumberOfReturns,875,173,88,165,-0.28066635488640146,48.81656804733728,65.21739130434783,0.439628033058842
