name,tn,fp,fn,tp,r2,precision,recall,mcc
baseline,1676,309,116,251,-0.3721439405898461,44.82142857142858,68.39237057220708,0.45008534672105077
ImplicitDefinitions,1671,314,119,248,-0.3979725324127139,44.128113879003564,67.57493188010899,0.44043494503090097
ImplicitConversions,1676,309,115,252,-0.36891536661198754,44.919786096256686,68.66485013623979,0.4521297049672943
ImplicitParameters,1682,303,117,250,-0.35600107070055387,45.20795660036166,68.11989100817438,0.45229789322438096
OverridingPatternVariables,1669,316,116,251,-0.3947439584348553,44.26807760141093,68.39237057220708,0.4451827588025054
UsageOfNull,1676,309,115,252,-0.36891536661198754,44.919786096256686,68.66485013623979,0.4521297049672943
UnitVariables,1676,309,116,251,-0.3721439405898461,44.82142857142858,68.39237057220708,0.45008534672105077
FunctionVariables,1678,307,115,252,-0.3624582186562708,45.08050089445438,68.66485013623979,0.45354410387548205
NumberOfReturns,1677,308,116,251,-0.36891536661198754,44.90161001788909,68.39237057220708,0.45079159973456867
