name,tn,fp,fn,tp,r2,precision,recall,mcc
baseline,3212,950,146,184,-2.584547056339464,16.225749559082892,55.757575757575765,0.19777864089132355
ImplicitDefinitions,3205,957,149,181,-2.61725277765643,15.905096660808434,54.848484848484844,0.19108618998278878
ImplicitConversions,3197,965,149,181,-2.6434173547100026,15.794066317626527,54.848484848484844,0.1894951769525286
ImplicitParameters,3242,920,151,179,-2.502782753047049,16.287534121929028,54.24242424242425,0.19504354287625977
OverridingPatternVariables,3212,950,142,188,-2.5714647678126776,16.520210896309315,56.96969696969697,0.20481955994251289
UsageOfNull,3261,901,151,179,-2.440641882544814,16.574074074074076,54.24242424242425,0.19899018445266695
UnitVariables,3199,963,148,182,-2.6336056383149127,15.895196506550219,55.15151515151515,0.1916513716932099
FunctionVariables,3261,901,147,183,-2.4275595940180277,16.88191881918819,55.45454545454545,0.20613000195452355
NumberOfReturns,3189,973,148,182,-2.666311359631879,15.757575757575756,55.15151515151515,0.18967132037665185
