name,tn,fp,fn,tp,r2,precision,recall,mcc
baseline,2506,423,203,184,-0.8312958801894619,30.31301482701812,47.54521963824289,0.2748459387144962
ImplicitDefinitions,2499,430,200,187,-0.8429974513088834,30.30794165316045,48.320413436692505,0.2775379775186073
ImplicitConversions,2523,406,207,180,-0.7932657740513422,30.716723549488055,46.51162790697674,0.27483461990224795
ImplicitParameters,2506,423,205,182,-0.8371466657491726,30.082644628099175,47.02842377260982,0.27090201492837945
OverridingPatternVariables,2519,410,210,177,-0.8137435235103296,30.153321976149915,45.73643410852713,0.2669810945828643
UsageOfNull,2517,412,209,178,-0.816668916290185,30.16949152542373,45.99483204134367,0.26804399575079213
UnitVariables,2508,421,202,185,-0.8225197018498958,30.528052805280524,47.80361757105943,0.277735908115229
FunctionVariables,2509,420,208,179,-0.8371466657491726,29.883138564273793,46.253229974160206,0.2663399669840709
NumberOfReturns,2518,411,206,181,-0.8049673451707637,30.574324324324326,46.770025839793284,0.27447451010113644
