name,tn,fp,fn,tp,r2,precision,recall,mcc
Akka,12875,4562,464,764,-3.3810715317815143,14.344723995493805,62.21498371335505,0.1979269530399885
Gitbucket,699,307,42,55,-2.944856633395504,15.193370165745856,56.70103092783505,0.15792818899026045
Http4s,2372,724,78,161,-2.6146924632134327,18.192090395480225,67.36401673640168,0.25691539955252185
Quill,1773,439,38,47,-4.82740665886608,9.670781893004115,55.294117647058826,0.16383785508893878
Scio,2215,623,130,122,-2.2534229336554925,16.375838926174495,48.41269841269841,0.16929998262007878
Shapeless,2675,431,116,101,-1.6968480805694934,18.984962406015036,46.54377880184332,0.22009469152971606
ZIO,3287,1054,222,363,-1.4751380693329552,25.617501764290758,62.05128205128205,0.2699333630449517
