name,tn,fp,fn,tp,r2,precision,recall,mcc
Akka,6263,1099,670,688,-0.5429389225169734,38.500279798545044,50.662739322533135,0.32100768370084026
Gitbucket,351,48,43,135,0.26069386950522355,73.77049180327869,75.84269662921348,0.6333290064444826
Http4s,784,149,154,146,-0.33475884244373,49.49152542372882,48.66666666666667,0.32884606107077685
Quill,508,128,76,113,-0.40011979634621153,46.88796680497925,59.78835978835979,0.3665434019965686
Scio,1103,187,125,186,-0.24507589919988026,49.865951742627345,59.80707395498393,0.42405737184842346
Shapeless,2149,297,159,118,-0.8326362055783996,28.433734939759038,42.59927797833935,0.2561612024264785
ZIO,1681,173,136,144,-0.27023809523809517,45.42586750788644,51.42857142857142,0.39965202175359366
