name,tn,fp,fn,tp,r2,precision,recall,mcc
ImplicitDefinitions,3475,687,243,87,-2.04163208247783,11.24031007751938,26.36363636363636,0.06809796917060348
ImplicitConversions,3272,890,228,102,-2.656499643236789,10.28225806451613,30.909090909090907,0.05990865337075305
ImplicitParameters,3756,406,215,115,-1.0310252937835833,22.072936660268713,34.84848484848485,0.20445675786621356
OverridingPatternVariables,4084,78,277,53,-0.1610531067522898,40.458015267175576,16.060606060606062,0.21996561412345997
UsageOfNull,3951,211,296,34,-0.6581800707701717,13.877551020408163,10.303030303030303,0.06012620646707829
UnitVariables,3746,416,298,32,-1.3351885020313663,7.142857142857142,9.696969696969697,-0.002596613792585724
FunctionVariables,3920,242,255,75,-0.6254743494532058,23.65930599369085,22.727272727272727,0.1722918106393289
NumberOfReturns,416,3746,33,297,-11.359492085681419,7.34603017561217,90.0,-4.179851826063071e-05
