name,tn,fp,fn,tp,r2,precision,recall,mcc
ImplicitDefinitions,2825,104,306,81,-0.19941103974070185,43.78378378378379,20.930232558139537,0.24312289827312594
ImplicitConversions,2656,273,241,146,-0.5036518888456605,34.84486873508354,37.72609819121447,0.2744963127650388
ImplicitParameters,2799,130,287,100,-0.21988878919968946,43.47826086956522,25.839793281653744,0.2704555184100231
OverridingPatternVariables,2781,148,284,103,-0.26376968089752006,41.03585657370518,26.614987080103358,0.26172998448151613
UsageOfNull,2862,67,346,41,-0.20818721808026797,37.96296296296296,10.594315245478036,0.15025267890879723
UnitVariables,2717,212,295,92,-0.48317413938667286,30.263157894736842,23.772609819121445,0.18396947052446724
FunctionVariables,2835,94,260,127,-0.035589044068801146,57.466063348416284,32.81653746770026,0.3811419842916764
NumberOfReturns,292,2637,39,348,-6.828351078892972,11.658291457286433,89.92248062015504,-0.0011594265195364881
