name,tn,fp,fn,tp,r2,precision,recall,mcc
baseline,1343,392,108,289,-0.5476302818690613,42.437591776798826,72.79596977329975,0.41914224040446196
NumberOfLambdaFunctions,1343,392,108,289,-0.5476302818690613,42.437591776798826,72.79596977329975,0.41914224040446196
SourceLinesOfLambda,1348,387,107,290,-0.5290587184866324,42.836041358936484,73.04785894206549,0.4243166021973834
LambdaScore,1288,447,107,290,-0.7147743523109198,39.348710990502035,73.04785894206549,0.38702579993922
LambdaFunctionsUsingOuterVariables,1224,511,104,293,-0.9035852466989454,36.44278606965174,73.80352644836272,0.3562231177518925
LambdaFunctionsUsingInnerVariables,1244,491,103,294,-0.8385847748604447,37.452229299363054,74.05541561712846,0.36929345154993976
LambdaFunctionsWithSideEffects,1256,479,107,290,-0.8138226903505397,37.711313394018205,73.04785894206549,0.3683580867826279
LambdaFunctionsWithAssignment,1250,485,106,291,-0.8292989931692303,37.5,73.29974811083123,0.36687820083902545
