name,tn,fp,fn,tp,r2,precision,recall,mcc
baseline,723,325,72,181,-0.9479867543674383,35.77075098814229,71.54150197628458,0.3290479850890884
NumberOfLambdaFunctions,723,325,72,181,-0.9479867543674383,35.77075098814229,71.54150197628458,0.3290479850890884
SourceLinesOfLambda,723,325,72,181,-0.9479867543674383,35.77075098814229,71.54150197628458,0.3290479850890884
LambdaScore,720,328,72,181,-0.962707057297167,35.55992141453831,71.54150197628458,0.32637607568423005
LambdaFunctionsUsingOuterVariables,723,325,72,181,-0.9479867543674383,35.77075098814229,71.54150197628458,0.3290479850890884
LambdaFunctionsUsingInnerVariables,718,330,71,182,-0.9676138249404098,35.546875,71.93675889328063,0.3276926640548601
LambdaFunctionsWithSideEffects,723,325,73,180,-0.9528935220106811,35.64356435643564,71.14624505928853,0.325956559041924
LambdaFunctionsWithAssignment,720,328,72,181,-0.962707057297167,35.55992141453831,71.54150197628458,0.32637607568423005
