name,tn,fp,fn,tp,r2,precision,recall,mcc
baseline,2522,407,194,193,-0.7581610606930778,32.166666666666664,49.87080103359173,0.3000397295155027
NumberOfLambdaFunctions,2491,438,191,196,-0.840072058529028,30.914826498422716,50.64599483204134,0.2914157895577178
SourceLinesOfLambda,2522,407,194,193,-0.7581610606930778,32.166666666666664,49.87080103359173,0.3000397295155027
LambdaScore,2501,428,196,191,-0.8254450946297511,30.8562197092084,49.35400516795866,0.28627146082701205
LambdaFunctionsUsingOuterVariables,2533,396,197,190,-0.7347579184542348,32.42320819112628,49.09560723514212,0.29945922202373615
LambdaFunctionsUsingInnerVariables,2519,410,194,193,-0.7669372390326439,32.00663349917081,49.87080103359173,0.29860528573126177
LambdaFunctionsWithSideEffects,2515,414,197,190,-0.7874149884916315,31.456953642384107,49.09560723514212,0.290828407354901
LambdaFunctionsWithAssignment,2467,462,198,189,-0.9307592347045446,29.03225806451613,48.837209302325576,0.2672577138345032
