name,tn,fp,fn,tp,r2,precision,recall,mcc
baseline,16990,3207,772,1520,-0.9330478512653848,32.155701290459064,66.3176265270506,0.3745232102981422
NumberOfLambdaFunctions,16984,3213,773,1519,-0.9364485386136778,32.10059171597633,66.2739965095986,0.3738336495523759
SourceLinesOfLambda,16962,3235,772,1520,-0.9466506006585567,31.966351209253418,66.3176265270506,0.37268638977969437
LambdaScore,16978,3219,771,1521,-0.9383917885269879,32.08860759493671,66.36125654450262,0.37402912681437056
LambdaFunctionsUsingOuterVariables,16995,3202,770,1522,-0.9296471639170918,32.218458933107534,66.40488656195463,0.3754424221187262
LambdaFunctionsUsingInnerVariables,16971,3226,779,1513,-0.9456789757019015,31.92656678624182,66.01221640488656,0.3712116328651478
LambdaFunctionsWithSideEffects,16976,3221,753,1539,-0.9306187888737469,32.331932773109244,67.14659685863874,0.37919616761575003
LambdaFunctionsWithAssignment,16921,3276,752,1540,-0.9568526627034355,31.976744186046513,67.19022687609075,0.3758953577760926
