name,precision,recall,mcc
LambdaFunctionsUsingInnerVariables,46.25719769673705,62.720403022670034,0.45058649186953
LambdaFunctionsUsingOuterVariables,46.065259117082526,62.720403022670034,0.4477651156861633
LambdaFunctionsWithAssignment,46.38783269961977,62.21662468513854,0.4552949698871837
LambdaFunctionsWithSideEffects,46.124763705103966,62.972292191435756,0.4530619671440032
LambdaScore,46.332046332046325,62.720403022670034,0.4500158874501913
NumberOfLambdaFunctions,46.03773584905661,62.972292191435756,0.4523209818853456
SourceLinesOfLambda,45.48872180451128,63.97984886649875,0.4452430262095927
baseline,45.977011494252864,62.720403022670034,0.4470182840433806
