name,tn,fp,fn,tp,r2,precision,recall,mcc
baseline,2454,475,182,205,-0.9219830563649785,30.14705882352941,52.97157622739018,0.2922791171906354
NumberOfLambdaFunctions,2429,500,181,206,-0.9921924830815074,29.178470254957507,53.229974160206716,0.2836041604045613
SourceLinesOfLambda,2451,478,181,206,-0.9278338419246892,30.116959064327485,53.229974160206716,0.29288225396650736
LambdaScore,2444,485,182,205,-0.9512369841635322,29.71014492753623,52.97157622739018,0.2880049866113321
LambdaFunctionsUsingOuterVariables,2447,482,180,207,-0.9366100202642553,30.043541364296082,53.48837209302325,0.2930593263871165
LambdaFunctionsUsingInnerVariables,2471,458,182,205,-0.8722513791074371,30.920060331825038,52.97157622739018,0.2997119610089628
LambdaFunctionsWithSideEffects,2437,492,184,203,-0.9775655191822306,29.208633093525183,52.4547803617571,0.281278774969961
LambdaFunctionsWithAssignment,2452,477,180,207,-0.9219830563649785,30.263157894736842,53.48837209302325,0.2952035384061972
