name,count,mean,std,min,25%,50%,75%,max
NumberOfLambdaFunctions,3316,8.810615199034983,51.17412108263993,0.0,0.0,0.0,1.0,730.0
SourceLinesOfLambda,3316,13.677623642943304,82.42972486536566,0.0,0.0,0.0,1.0,1197.0
LambdaScore,3316,0.10729887228341482,0.20054817693306265,0.0,0.0,0.0,0.14285714285714285,0.92
LambdaFunctionsUsingOuterVariables,3316,0.010554885404101327,0.19075983575009084,0.0,0.0,0.0,0.0,7.0
LambdaFunctionsUsingInnerVariables,3316,0.0066344993968636915,0.08119403237859991,0.0,0.0,0.0,0.0,1.0
LambdaFunctionsWithSideEffects,3316,1.4520506634499397,11.534999871601853,0.0,0.0,0.0,0.0,171.0
LambdaFunctionsWithAssignment,3316,0.016586248492159228,0.28437847676846023,0.0,0.0,0.0,0.0,9.0
