name,tn,fp,fn,tp,r2,precision,recall,mcc
baseline,5710,1003,281,549,-0.738258620658711,35.373711340206185,66.144578313253,0.3963700356054115
ImplicitDefinitions,5703,1010,280,550,-0.7463813244935646,35.256410256410255,66.26506024096386,0.3957418432268398
ImplicitConversions,5719,994,274,556,-0.7165980770991007,35.87096774193548,66.98795180722892,0.4041295650040203
ImplicitParameters,5709,1004,278,552,-0.7355510527137596,35.47557840616967,66.50602409638554,0.39867256482863256
OverridingPatternVariables,5711,1002,281,549,-0.7369048366862352,35.39651837524178,66.144578313253,0.39658004928561114
UsageOfNull,5708,1005,282,548,-0.7423199725761378,35.28654217643271,66.02409638554217,0.39511246165934893
UnitVariables,5711,1002,280,550,-0.7355510527137596,35.43814432989691,66.26506024096386,0.39741801132265114
FunctionVariables,5703,1010,283,547,-0.7504426764109915,35.131663455362876,65.90361445783132,0.3932289862972058
NumberOfReturns,5712,1001,281,549,-0.7355510527137596,35.41935483870968,66.144578313253,0.3967902286735922
