name,tn,fp,fn,tp,r2,precision,recall,mcc
baseline,1013,271,49,112,-1.2367988235521765,29.242819843342037,69.56521739130434,0.34547046655144464
ImplicitDefinitions,1012,272,52,109,-1.264758808846579,28.608923884514436,67.70186335403726,0.3321878685809045
ImplicitConversions,1014,270,48,113,-1.2228188309049757,29.50391644908616,70.1863354037267,0.35045369447968006
ImplicitParameters,1019,265,54,107,-1.229808827228576,28.763440860215056,66.45962732919256,0.32975293024709124
OverridingPatternVariables,1013,271,53,108,-1.264758808846579,28.49604221635884,67.08074534161491,0.3288647611384623
UsageOfNull,1014,270,51,110,-1.2437888198757774,28.947368421052634,68.32298136645963,0.33802090728158146
UnitVariables,1012,272,50,111,-1.2507788161993778,28.98172323759791,68.94409937888199,0.34048723862320923
FunctionVariables,1013,271,53,108,-1.264758808846579,28.49604221635884,67.08074534161491,0.3288647611384623
NumberOfReturns,1013,271,48,113,-1.229808827228576,29.427083333333332,70.1863354037267,0.34960721307606174
