name,count,precision,recall,mcc
FunctionVariables,7,28.16537467700259,59.27835051546393,0.3272156435009196
ImplicitConversions,7,29.057591623036647,62.7906976744186,0.34132789952093473
ImplicitDefinitions,7,29.05405405405405,61.340206185567006,0.36374179002715545
ImplicitParameters,7,28.989361702127663,62.7906976744186,0.3510285461204944
NumberOfReturns,7,28.57142857142857,61.62790697674418,0.3379774075009184
OverridingPatternVariables,7,31.15942028985507,61.62790697674418,0.3412834468487749
UnitVariables,7,28.24427480916031,62.886597938144334,0.3364408430845921
UsageOfNull,7,31.15942028985507,61.62790697674418,0.3322140702184667
baseline,7,28.461538461538463,61.340206185567006,0.3364408430845921
