name,tn,fp,fn,tp,r2,precision,recall,mcc
baseline,1000,200,74,120,-0.6407044673539519,37.5,61.855670103092784,0.37191793511874316
ImplicitDefinitions,998,202,73,121,-0.6466924398625429,37.461300309597526,62.371134020618555,0.37356617302525386
ImplicitConversions,992,208,73,121,-0.6826202749140893,36.77811550151976,62.371134020618555,0.3671097421866561
ImplicitParameters,1003,197,75,119,-0.6287285223367698,37.65822784810127,61.34020618556701,0.3713748874460944
OverridingPatternVariables,996,204,75,119,-0.6706443298969071,36.84210526315789,61.34020618556701,0.36374179002715545
UsageOfNull,994,206,72,122,-0.6646563573883162,37.19512195121951,62.88659793814433,0.37306244538622074
UnitVariables,999,201,74,120,-0.6466924398625429,37.38317757009346,61.855670103092784,0.3708260627253824
FunctionVariables,994,206,76,118,-0.6886082474226805,36.41975308641975,60.824742268041234,0.35775991824701464
NumberOfReturns,1000,200,74,120,-0.6407044673539519,37.5,61.855670103092784,0.37191793511874316
