name,tn,fp,fn,tp,r2,precision,recall,mcc
baseline,1833,357,77,106,-1.5697582154352876,22.894168466522675,57.92349726775956,0.28019778474068924
ImplicitDefinitions,1830,360,78,105,-1.5934426229508203,22.58064516129032,57.377049180327866,0.2751477173269658
ImplicitConversions,1844,346,77,106,-1.504626094767573,23.451327433628318,57.92349726775956,0.2861861016465168
ImplicitParameters,1839,351,80,103,-1.5519949097986383,22.687224669603523,56.284153005464475,0.27303665898786106
OverridingPatternVariables,1826,364,76,107,-1.6052848267085866,22.717622080679405,58.46994535519126,0.2799086777765789
UsageOfNull,1834,356,78,105,-1.5697582154352876,22.7765726681128,57.377049180327866,0.2772812281288165
UnitVariables,1825,365,77,106,-1.617127030466353,22.505307855626327,57.92349726775956,0.275948319959506
FunctionVariables,1837,353,77,106,-1.546073807919755,23.093681917211327,57.92349726775956,0.2823554608188298
NumberOfReturns,1828,362,77,106,-1.5993637248297037,22.64957264957265,57.92349726775956,0.27753174098579453
