name,tn,fp,fn,tp,r2,precision,recall,mcc
baseline,704,113,47,44,-0.9540801915342918,28.02547770700637,48.35164835164835,0.27411938542756054
ImplicitDefinitions,692,125,49,42,-1.1250622082935422,25.149700598802394,46.15384615384615,0.23915277106267563
ImplicitConversions,708,109,48,43,-0.917441187943024,28.289473684210524,47.25274725274725,0.2727676626892196
ImplicitParameters,710,107,48,43,-0.8930151855488453,28.666666666666668,47.25274725274725,0.2761971281091346
OverridingPatternVariables,722,95,48,43,-0.7464591711837734,31.15942028985507,47.25274725274725,0.2979886649728598
UsageOfNull,722,95,48,43,-0.7464591711837734,31.15942028985507,47.25274725274725,0.2979886649728598
UnitVariables,705,112,47,44,-0.9418671903372025,28.205128205128204,48.35164835164835,0.27578806804495437
FunctionVariables,706,111,49,42,-0.9540801915342918,27.450980392156865,46.15384615384615,0.261274897706911
NumberOfReturns,704,113,49,42,-0.9785061939284705,27.09677419354839,46.15384615384615,0.2579745014497005
