name,tn,fp,fn,tp,r2,precision,recall,mcc
univariate,460,49,7,79,0.23881756293690315,61.71875,91.86046511627907,0.703711690978965
baseline,443,66,34,52,-0.35925435189838706,44.06779661016949,60.46511627906976,0.41887839087678963
control,450,59,6,80,0.11648467126604833,57.55395683453237,93.02325581395348,0.6767260031052744
