name,tn,fp,fn,tp,r2,precision,recall,mcc
univariate,885,102,7,60,-0.7373013352689444,37.03703703703704,89.55223880597015,0.5358945328842183
baseline,844,143,22,45,-1.6298598194438148,23.93617021276596,67.16417910447761,0.33571403597066657
control,901,86,8,59,-0.4982231698649613,40.689655172413794,88.05970149253731,0.562027311832536
