name,tn,fp,fn,tp,r2,precision,recall,mcc
univariate,1085,115,18,176,0.2035996563573883,60.48109965635739,90.72164948453609,0.6910082427173765
baseline,997,203,75,119,-0.6646563573883162,36.95652173913043,61.34020618556701,0.36482057052787953
control,1070,130,15,179,0.1317439862542955,57.92880258899677,92.26804123711341,0.6785891667689363
