name,tn,fp,fn,tp,r2,precision,recall,mcc
univariate,1985,205,17,166,-0.31448461711205966,44.74393530997305,90.7103825136612,0.5975638406893172
baseline,1852,338,76,107,-1.4513361778576246,24.044943820224717,58.46994535519126,0.29413557127173723
control,1957,233,17,166,-0.48027546972078783,41.60401002506266,90.7103825136612,0.5711674453939086
