name,tn,fp,fn,tp,r2,precision,recall,mcc
univariate,734,83,12,79,-0.16023511372348587,48.76543209876543,86.81318681318682,0.6012291261556597
baseline,704,113,47,44,-0.9540801915342918,28.02547770700637,48.35164835164835,0.27411938542756054
control,714,103,18,73,-0.4777731448478082,41.47727272727273,80.21978021978022,0.5136271918097058
