name,tn,fp,fn,tp,r2,precision,recall,mcc
baseline,16891,3306,816,1476,-1.0025190356662268,30.865746549560853,64.3979057591623,0.35512255216205096
NumberOfLambdaFunctions,16886,3311,820,1472,-1.006891347971175,30.775663809324694,64.22338568935427,0.3536221382905358
SourceLinesOfLambda,16886,3311,820,1472,-1.006891347971175,30.775663809324694,64.22338568935427,0.3536221382905358
LambdaScore,15831,4366,871,1421,-1.5441999490014626,24.555037152237773,61.99825479930192,0.27945944735182754
LambdaFunctionsUsingOuterVariables,15985,4212,928,1364,-1.4970761386036888,24.461979913916785,59.51134380453752,0.27083482045882545
LambdaFunctionsUsingInnerVariables,16887,3310,820,1472,-1.0064055354928474,30.78209953994145,64.22338568935427,0.3536857329816329
LambdaFunctionsWithSideEffects,16402,3795,899,1393,-1.2804037732695943,26.850424055512722,60.776614310645726,0.30152744178712515
LambdaFunctionsWithAssignment,16472,3725,871,1421,-1.232794150393493,27.613680528565876,61.99825479930192,0.3136829929429332
