name,tn,fp,fn,tp,r2,precision,recall,mcc
baseline,1631,354,115,252,-0.5142011956156185,41.584158415841586,68.66485013623979,0.4217784031395018
NumberOfLambdaFunctions,1627,358,115,252,-0.5271154915270522,41.31147540983607,68.66485013623979,0.41920713710931595
SourceLinesOfLambda,1634,351,118,249,-0.5142011956156185,41.5,67.8474114441417,0.4176087845832646
LambdaScore,1630,355,116,251,-0.5206583435713354,41.41914191419142,68.39237057220708,0.41909944703290747
LambdaFunctionsUsingOuterVariables,1631,354,115,252,-0.5142011956156185,41.584158415841586,68.66485013623979,0.4217784031395018
LambdaFunctionsUsingInnerVariables,1631,354,115,252,-0.5142011956156185,41.584158415841586,68.66485013623979,0.4217784031395018
LambdaFunctionsWithSideEffects,1622,363,117,250,-0.5497155093720616,40.78303425774878,68.11989100817438,0.41195331635523325
LambdaFunctionsWithAssignment,1631,354,115,252,-0.5142011956156185,41.584158415841586,68.66485013623979,0.4217784031395018
