name,tn,fp,fn,tp,r2,precision,recall,mcc
Akka,11535,5902,417,811,-4.508155791748386,12.081036794279756,66.04234527687296,0.16631901710281163
Gitbucket,470,536,18,79,-5.26203603123527,12.845528455284553,81.44329896907216,0.1605890795632419
Http4s,2051,1045,74,165,-4.043442476727969,13.636363636363635,69.0376569037657,0.18928244726248764
Quill,1694,518,34,51,-5.743665567492822,8.963093145869948,60.0,0.15997229427437437
Scio,1777,1061,102,150,-4.02487499580523,12.386457473162675,59.523809523809526,0.12411257845082321
Shapeless,2259,847,109,108,-3.7133213254560067,11.30890052356021,49.76958525345622,0.12283338592047595
ZIO,3049,1292,207,378,-1.9077053024530564,22.634730538922156,64.61538461538461,0.23818164268775613
