name,tn,fp,fn,tp,r2,precision,recall,mcc
Akka,9237,1814,913,1051,-0.635257870333084,36.68411867364747,53.5132382892057,0.32050276221604784
Gitbucket,467,55,71,157,0.2059891107078039,74.05660377358491,68.85964912280701,0.5957791879520579
Http4s,786,208,175,181,-0.4611545678565776,46.52956298200514,50.84269662921348,0.29107293059460887
Quill,577,90,105,106,-0.2165244392022001,54.08163265306123,50.23696682464455,0.377022238069488
Scio,1186,205,134,189,-0.29324516518174115,47.96954314720812,58.51393188854489,0.4068826106397256
Shapeless,2546,564,173,134,-1.63762895775946,19.197707736389685,43.648208469055376,0.18095947342395585
ZIO,1793,234,138,150,-0.4751891136326263,39.0625,52.083333333333336,0.35970073286756404
