name,tn,fp,fn,tp,r2,precision,recall,mcc
Akka,8049,3002,899,1065,-1.3392522743562014,26.186378165724122,54.22606924643585,0.20898591285349535
Gitbucket,389,133,61,167,-0.2225247025610002,55.666666666666664,73.24561403508771,0.44849841210342667
Http4s,631,363,122,234,-0.8502871159541516,39.19597989949749,65.73033707865169,0.2591691286705617
Quill,419,248,49,162,-0.8528602997079664,39.51219512195122,76.77725118483413,0.3391086524865253
Scio,1013,378,123,200,-0.9112561290739005,34.602076124567475,61.91950464396285,0.28740987421383735
Shapeless,2385,725,159,148,-2.163723200351917,16.95303550973654,48.20846905537459,0.16323874957977866
ZIO,1533,494,117,171,-1.4229584635202546,25.71428571428571,59.375,0.25532192062469095
