name,tn,fp,fn,tp,r2,precision,recall,mcc
Akka,2605,821,246,434,-0.8805595618282342,34.581673306772906,63.8235294117647,0.3216339933178816
Gitbucket,151,68,19,51,-0.6401174168297454,42.857142857142854,72.85714285714285,0.3639328452237231
Http4s,498,300,32,113,-1.7056952726644194,27.36077481840194,77.93103448275862,0.29327606087624863
Quill,500,116,22,33,-1.733116883116883,22.14765100671141,60.0,0.2717138975518522
Scio,579,206,68,94,-1.0404026106786186,31.333333333333336,58.0246913580247,0.2572584900229879
Shapeless,1145,318,84,86,-1.6394837360781627,21.287128712871286,50.588235294117645,0.2042006301860689
ZIO,453,108,37,35,-1.2723559120617947,24.475524475524477,48.61111111111111,0.22291245323667055
