name,tn,fp,fn,tp,r2,precision,recall,mcc
Akka,2385,1041,282,398,-1.3317528587617184,27.658095899930508,58.529411764705884,0.21927743776774106
Gitbucket,145,74,20,50,-0.7720808871493801,40.32258064516129,71.42857142857143,0.32580063095486006
Http4s,533,265,46,99,-1.5345518969838388,27.197802197802197,68.27586206896552,0.2598391066904245
Quill,480,136,25,30,-2.188636363636364,18.072289156626507,54.54545454545454,0.20640549319367577
Scio,556,229,75,87,-1.2638043563733579,27.531645569620256,53.70370370370371,0.19591255853059883
Shapeless,1176,287,89,81,-1.468770857625346,22.01086956521739,47.647058823529406,0.20487925042276295
ZIO,319,242,28,44,-3.231283422459893,15.384615384615385,61.111111111111114,0.11466772280232297
