name,tn,fp,fn,tp,r2,precision,recall,mcc
baseline,1015,269,52,109,-1.2437888198757774,28.835978835978835,67.70186335403726,0.33470701773090605
NumberOfLambdaFunctions,1015,269,52,109,-1.2437888198757774,28.835978835978835,67.70186335403726,0.33470701773090605
SourceLinesOfLambda,1015,269,52,109,-1.2437888198757774,28.835978835978835,67.70186335403726,0.33470701773090605
LambdaScore,1022,262,49,112,-1.1738888566397718,29.946524064171122,69.56521739130434,0.35316596679474027
LambdaFunctionsUsingOuterVariables,1007,277,52,109,-1.2997087904645817,28.238341968911918,67.70186335403726,0.3280383402302602
LambdaFunctionsUsingInnerVariables,1015,269,52,109,-1.2437888198757774,28.835978835978835,67.70186335403726,0.33470701773090605
LambdaFunctionsWithSideEffects,1015,269,52,109,-1.2437888198757774,28.835978835978835,67.70186335403726,0.33470701773090605
LambdaFunctionsWithAssignment,1015,269,52,109,-1.2437888198757774,28.835978835978835,67.70186335403726,0.33470701773090605
