name,tn,fp,fn,tp,r2,precision,recall,mcc
baseline,737,80,47,44,-0.5510511520303443,35.483870967741936,48.35164835164835,0.3372071677012465
NumberOfLambdaFunctions,736,81,47,44,-0.5632641532274334,35.199999999999996,48.35164835164835,0.3350032519569033
SourceLinesOfLambda,738,79,46,45,-0.5266251496361656,36.29032258064516,49.45054945054945,0.347887511927308
LambdaScore,744,73,48,43,-0.4777731448478082,37.06896551724138,47.25274725274725,0.3446979105273502
LambdaFunctionsUsingOuterVariables,737,80,48,43,-0.5632641532274334,34.959349593495936,47.25274725274725,0.32871663671677503
LambdaFunctionsUsingInnerVariables,736,81,53,38,-0.6365421604099695,31.932773109243694,41.75824175824176,0.2833650481982264
LambdaFunctionsWithSideEffects,740,77,49,42,-0.5388381508332549,35.294117647058826,46.15384615384615,0.32683629867577474
LambdaFunctionsWithAssignment,747,70,50,41,-0.46556014365071885,36.93693693693694,45.05494505494506,0.3344871151468324
