name,tn,fp,fn,tp,r2,precision,recall,mcc
baseline,1263,124,51,203,0.18485202868026485,62.079510703363916,79.92125984251969,0.6427265832757306
ImplicitDefinitions,1270,117,49,205,0.22677392434813692,63.66459627329193,80.70866141732283,0.6582365205541745
ImplicitConversions,1270,117,52,202,0.21279995912551286,63.322884012539184,79.52755905511812,0.6497784178093611
ImplicitParameters,1262,125,50,204,0.18485202868026485,62.00607902735562,80.31496062992126,0.6441636617317237
OverridingPatternVariables,1260,127,52,202,0.1662200750500994,61.39817629179332,79.52755905511812,0.6357474118499431
UsageOfNull,1265,122,51,203,0.19416800549534752,62.46153846153846,79.92125984251969,0.645519786259773
UnitVariables,1265,122,51,203,0.19416800549534752,62.46153846153846,79.92125984251969,0.645519786259773
FunctionVariables,1267,120,48,206,0.21745794753305425,63.190184049079754,81.10236220472441,0.656788248575131
NumberOfReturns,1259,128,52,202,0.1615620866425581,61.212121212121204,79.52755905511812,0.6343748707760298
