name,tn,fp,fn,tp,r2,precision,recall,mcc
baseline,1249,138,48,206,0.13361415619730999,59.883720930232556,81.10236220472441,0.6322634297448053
ImplicitDefinitions,1261,126,51,203,0.17553605186518217,61.702127659574465,79.92125984251969,0.6399555367908334
ImplicitConversions,1262,125,50,204,0.18485202868026485,62.00607902735562,80.31496062992126,0.6441636617317237
ImplicitParameters,1254,133,50,204,0.14758812141993405,60.534124629080125,80.31496062992126,0.6332569214629813
OverridingPatternVariables,1261,126,49,205,0.18485202868026485,61.933534743202415,80.70866141732283,0.6456034986802272
UsageOfNull,1259,128,50,204,0.17087806345764078,61.44578313253012,80.31496062992126,0.6400336452944358
UnitVariables,1249,138,48,206,0.13361415619730999,59.883720930232556,81.10236220472441,0.6322634297448053
FunctionVariables,1261,126,49,205,0.18485202868026485,61.933534743202415,80.70866141732283,0.6456034986802272
NumberOfReturns,1260,127,48,206,0.18485202868026485,61.86186186186187,81.10236220472441,0.6470460744523449
