name,tn,fp,fn,tp,r2,precision,recall,mcc
baseline,1496,239,136,261,-0.16072271140179595,52.2,65.74307304785894,0.4774575014000095
ImplicitDefinitions,1485,250,134,263,-0.18858005647543896,51.267056530214425,66.24685138539043,0.47207175793050055
ImplicitConversions,1509,226,136,261,-0.12048432407320031,53.59342915811089,65.74307304785894,0.4888204572068024
ImplicitParameters,1489,246,137,260,-0.18548479591170097,51.38339920948617,65.4911838790932,0.46949688913663434
OverridingPatternVariables,1501,234,134,263,-0.13905588745562913,52.91750503018109,66.24685138539043,0.48574822543989443
UsageOfNull,1500,235,135,262,-0.14524640858310534,52.716297786720325,65.99496221662469,0.482898486121065
UnitVariables,1494,241,135,262,-0.16381797196553394,52.087475149105366,65.99496221662469,0.4777222401309814
FunctionVariables,1495,240,134,263,-0.15762745083805774,52.286282306163024,66.24685138539043,0.48056014395178387
NumberOfReturns,1494,241,135,262,-0.16381797196553394,52.087475149105366,65.99496221662469,0.4777222401309814
