name,tn,fp,fn,tp,r2,precision,recall,mcc
baseline,910,138,95,158,-0.14327686087559965,53.37837837837838,62.450592885375485,0.46527112712398205
ImplicitDefinitions,925,123,97,156,-0.0794888815134418,55.91397849462365,61.6600790513834,0.4814130252397347
ImplicitConversions,909,139,97,156,-0.15799716380532858,52.88135593220339,61.6600790513834,0.45745337399896946
ImplicitParameters,922,126,95,158,-0.08439564915668463,55.633802816901415,62.450592885375485,0.483159305220484
OverridingPatternVariables,911,137,95,158,-0.13837009323235683,53.559322033898304,62.450592885375485,0.46672928113143664
UsageOfNull,917,131,98,155,-0.12364979030262813,54.1958041958042,61.26482213438735,0.4660489230330879
UnitVariables,910,138,95,158,-0.14327686087559965,53.37837837837838,62.450592885375485,0.46527112712398205
FunctionVariables,918,130,98,155,-0.11874302265938508,54.385964912280706,61.26482213438735,0.46754910655167786
NumberOfReturns,910,138,95,158,-0.14327686087559965,53.37837837837838,62.450592885375485,0.46527112712398205
