name,tn,fp,fn,tp,r2,precision,recall,mcc
baseline,3327,835,156,174,-2.2411369825113217,17.244796828543112,52.72727272727272,0.204204697194301
ImplicitDefinitions,3326,836,156,174,-2.2444075546430184,17.227722772277225,52.72727272727272,0.20398273509400902
ImplicitConversions,3335,827,156,174,-2.214972405457749,17.382617382617383,52.72727272727272,0.2059890766948821
ImplicitParameters,3345,817,158,172,-2.1888078284041765,17.391304347826086,52.121212121212125,0.20457657320268938
OverridingPatternVariables,3321,841,156,174,-2.2607604153015015,17.142857142857142,52.72727272727272,0.20287649941087002
UsageOfNull,3382,780,156,174,-2.061255515268009,18.238993710691823,52.72727272727272,0.21679964829622933
UnitVariables,3324,838,156,174,-2.2509486989064116,17.193675889328063,52.72727272727272,0.2035395276818035
FunctionVariables,3369,793,158,172,-2.1103140972434584,17.82383419689119,52.121212121212125,0.21006218291347936
NumberOfReturns,3333,829,157,173,-2.224784121852839,17.26546906187625,52.42424242424243,0.20371550355156243
