name,tn,fp,fn,tp,r2,precision,recall,mcc
baseline,2444,485,188,199,-0.9687893408426644,29.093567251461987,51.42118863049095,0.27663326288867873
ImplicitDefinitions,2432,497,191,196,-1.0126702325404948,28.28282828282828,50.64599483204134,0.2659453655304755
ImplicitConversions,2439,490,193,194,-0.9980432686412182,28.362573099415204,50.129198966408275,0.2650268406902297
ImplicitParameters,2436,493,192,195,-1.003894054200929,28.343023255813954,50.3875968992248,0.2656913025776536
OverridingPatternVariables,2442,487,187,200,-0.9717147336225198,29.112081513828237,51.67958656330749,0.27769216111266504
UsageOfNull,2492,437,200,187,-0.863475200767871,29.967948717948715,48.320413436692505,0.27437226411044363
UnitVariables,2452,477,194,193,-0.9629385552829537,28.805970149253728,49.87080103359173,0.2685549153286071
FunctionVariables,2437,492,194,193,-1.006819446980784,28.175182481751825,49.87080103359173,0.2622928506999631
NumberOfReturns,2442,487,196,191,-0.9980432686412182,28.171091445427727,49.35400516795866,0.2605381824692589
