name,tn,fp,fn,tp,r2,precision,recall,mcc
baseline,5697,1016,276,554,-0.749088892438516,35.28662420382165,66.74698795180723,0.3978354200103389
NumberOfLambdaFunctions,5705,1008,282,548,-0.7463813244935646,35.2185089974293,66.02409638554217,0.3944846551764255
SourceLinesOfLambda,5691,1022,274,556,-0.7545040283284186,35.23447401774398,66.98795180722892,0.39825795630838456
LambdaScore,5691,1022,278,552,-0.759919164218321,35.06988564167726,66.50602409638554,0.39491874649748987
LambdaFunctionsUsingOuterVariables,5694,1019,277,553,-0.7545040283284186,35.17811704834606,66.62650602409639,0.3963762718076174
LambdaFunctionsUsingInnerVariables,5700,1013,278,552,-0.7477351084660404,35.27156549520767,66.50602409638554,0.3967890599974462
LambdaFunctionsWithSideEffects,5704,1009,276,554,-0.7396124046311865,35.44465770953295,66.74698795180723,0.39929695294912054
LambdaFunctionsWithAssignment,5690,1023,275,555,-0.7572115962733696,35.17110266159696,66.86746987951807,0.3972163873829842
