name,tn,fp,fn,tp,r2,precision,recall,mcc
baseline,443,66,34,52,-0.35925435189838706,44.06779661016949,60.46511627906976,0.41887839087678963
NumberOfLambdaFunctions,446,63,34,52,-0.31847672134143545,45.21739130434783,60.46511627906976,0.4282273925742731
SourceLinesOfLambda,445,64,36,50,-0.35925435189838706,43.859649122807014,58.139534883720934,0.40712027766050646
LambdaScore,441,68,33,53,-0.3728468954173709,43.80165289256198,61.627906976744185,0.4216857938389966
LambdaFunctionsUsingOuterVariables,449,60,33,53,-0.2641065472655,46.902654867256636,61.627906976744185,0.4468113267003351
LambdaFunctionsUsingInnerVariables,444,65,32,54,-0.31847672134143545,45.378151260504204,62.7906976744186,0.43972353488745075
LambdaFunctionsWithSideEffects,441,68,35,51,-0.40003198245533866,42.857142857142854,59.30232558139535,0.40387650758684335
LambdaFunctionsWithAssignment,443,66,33,53,-0.3456618083794032,44.537815126050425,61.627906976744185,0.4277745257872483
