name,tn,fp,fn,tp,r2,precision,recall,mcc
baseline,844,143,22,45,-1.6298598194438148,23.93617021276596,67.16417910447761,0.33571403597066657
NumberOfLambdaFunctions,850,137,23,44,-1.550167097642487,24.30939226519337,65.67164179104478,0.3350468263483416
SourceLinesOfLambda,851,136,24,43,-1.550167097642487,24.022346368715084,64.17910447761194,0.3274882810305053
LambdaScore,845,142,22,45,-1.6139212750835492,24.06417112299465,67.16417910447761,0.33706335638591134
LambdaFunctionsUsingOuterVariables,845,142,22,45,-1.6139212750835492,24.06417112299465,67.16417910447761,0.33706335638591134
LambdaFunctionsUsingInnerVariables,845,142,21,46,-1.5979827307232837,24.46808510638298,68.65671641791045,0.3458720021506368
LambdaFunctionsWithSideEffects,845,142,22,45,-1.6139212750835492,24.06417112299465,67.16417910447761,0.33706335638591134
LambdaFunctionsWithAssignment,846,141,22,45,-1.5979827307232837,24.193548387096776,67.16417910447761,0.3384219169130319
