name,tn,fp,fn,tp,r2,precision,recall,mcc
baseline,851,136,23,44,-1.5342285532822215,24.444444444444443,65.67164179104478,0.3364408430845921
NumberOfLambdaFunctions,846,141,24,43,-1.6298598194438148,23.369565217391305,64.17910447761194,0.3206789512184884
SourceLinesOfLambda,848,139,25,42,-1.6139212750835492,23.204419889502763,62.68656716417911,0.31442494804701004
LambdaScore,849,138,23,44,-1.5661056420027526,24.175824175824175,65.67164179104478,0.3336626200280398
LambdaFunctionsUsingOuterVariables,849,138,23,44,-1.5661056420027526,24.175824175824175,65.67164179104478,0.3336626200280398
LambdaFunctionsUsingInnerVariables,849,138,23,44,-1.5661056420027526,24.175824175824175,65.67164179104478,0.3336626200280398
LambdaFunctionsWithSideEffects,849,138,24,43,-1.5820441863630181,23.756906077348066,64.17910447761194,0.3247358871976758
LambdaFunctionsWithAssignment,848,139,24,43,-1.5979827307232837,23.626373626373624,64.17910447761194,0.32337415236934364
