name,tn,fp,fn,tp,r2,precision,recall,mcc
baseline,1833,357,77,106,-1.5697582154352876,22.894168466522675,57.92349726775956,0.28019778474068924
NumberOfLambdaFunctions,1849,341,77,106,-1.4750205853731573,23.713646532438478,57.92349726775956,0.28896617997252455
SourceLinesOfLambda,1848,342,79,104,-1.4927838910098066,23.318385650224215,56.830601092896174,0.281439983857867
LambdaScore,1833,357,77,106,-1.5697582154352876,22.894168466522675,57.92349726775956,0.28019778474068924
LambdaFunctionsUsingOuterVariables,1832,358,77,106,-1.575679317314171,22.844827586206897,57.92349726775956,0.2796618408766289
LambdaFunctionsUsingInnerVariables,1832,358,77,106,-1.575679317314171,22.844827586206897,57.92349726775956,0.2796618408766289
LambdaFunctionsWithSideEffects,1833,357,77,106,-1.5697582154352876,22.894168466522675,57.92349726775956,0.28019778474068924
LambdaFunctionsWithAssignment,1832,358,77,106,-1.575679317314171,22.844827586206897,57.92349726775956,0.2796618408766289
