name,tn,fp,fn,tp,r2,precision,recall,mcc
baseline,695,122,48,43,-1.0762102035051853,26.060606060606062,47.25274725274725,0.2516909465288074
NumberOfLambdaFunctions,700,117,48,43,-1.0151451975197383,26.875,47.25274725274725,0.25956124950085147
SourceLinesOfLambda,704,113,49,42,-0.9785061939284705,27.09677419354839,46.15384615384615,0.2579745014497005
LambdaScore,698,119,49,42,-1.0517842011110066,26.08695652173913,46.15384615384615,0.24836225889401387
LambdaFunctionsUsingOuterVariables,698,119,48,43,-1.039571199913917,26.543209876543212,47.25274725274725,0.2563795441978389
LambdaFunctionsUsingInnerVariables,690,127,48,43,-1.1372752094906318,25.294117647058822,47.25274725274725,0.24408939624705714
LambdaFunctionsWithSideEffects,694,123,50,41,-1.112849207096453,25.0,45.05494505494506,0.2341761384281659
LambdaFunctionsWithAssignment,697,120,48,43,-1.0517842011110066,26.380368098159508,47.25274725274725,0.25480565645139924
