name,tn,fp,fn,tp,r2,precision,recall,mcc
univariate,2777,329,18,199,-0.7107975940724209,37.68939393939394,91.70506912442397,0.5481651333299042
baseline,2414,692,107,110,-2.939271693555805,13.715710723192021,50.69124423963134,0.1640421705855287
control,2768,338,20,197,-0.7650303708297599,36.822429906542055,90.78341013824884,0.5371070735298923
