name,count,mean,std,min,25%,50%,75%,max
FractionRecursiveCalls,4106,0.005745561624635022,0.05163085861873829,0.0,0.0,0.0,0.0,1.4333333333333331
IsNested,4106,0.00024354603019970775,0.015605961367365606,0.0,0.0,0.0,0.0,1.0
FractionNestedMethods,4106,0.08436087053287314,0.2977592315399508,0.0,0.0,0.0,0.0,4.716666666666666
FractionFunctions,4106,0.4704506070340697,1.7784123425288898,0.0,0.0,0.0,0.3333333333333333,58.99422375010608
IsFunction,4106,0.12347783731125182,0.5168056897383844,0.0,0.0,0.0,0.0,11.0
HasFunctionParameters,4106,0.17584023380418898,1.2412954758109722,0.0,0.0,0.0,0.0,51.0
FractionHigherOrderCalls,4106,0.3009309085659159,1.4699940407387497,0.0,0.0,0.0,0.0,49.43404210168918
FractionFunctionCalls,4106,0.035338837152663324,0.23325117511187551,0.0,0.0,0.0,0.0,7.261904761904763
FractionCurrying,4106,0.019684241954009255,0.1919990756430268,0.0,0.0,0.0,0.0,5.8761904761904775
FractionPatternMatching,4106,0.3259671655800816,0.9282695254326151,0.0,0.0,0.0,0.0,15.22067140212348
FractionLazyValues,4106,0.016379347683324302,0.14578623524095363,0.0,0.0,0.0,0.0,4.052631578947368
HasMultipleParameterLists,4106,0.17437895762299074,1.047838058071001,0.0,0.0,0.0,0.0,24.0
FunctionalScoreFraction,4106,1.7327981148962037,5.554344876625191,0.0,0.0,0.0,1.9157608695652173,185.54008148714027
FractionVariables,4106,0.23937184810311263,0.983840816254645,0.0,0.0,0.0,0.0,21.6491341991342
FractionVariableDefinitions,4106,0.00673576569612762,0.04153744648664068,0.0,0.0,0.0,0.0,1.25
FractionInnerVariableAssignment,4106,0.013063412932185594,0.08654929635891767,0.0,0.0,0.0,0.0,1.8991147741147736
FractionOuterVariableUsage,4106,0.2120278614395863,0.9387953505095563,0.0,0.0,0.0,0.0,21.6491341991342
FractionOuterVariableAssignment,4106,0.06251648651673773,0.3041332639470452,0.0,0.0,0.0,0.0,8.937229437229439
FractionSideEffects,4106,1.254555468093999,3.3325830917627344,0.0,0.0,0.0,1.0,64.0
IsSideEffect,4106,1.11665854846566,3.2394162176618955,0.0,0.0,0.0,1.0,64.0
FractionSideEffectCalls,4106,0.5660797518929158,1.762744662373263,0.0,0.0,0.0,0.49065934065934064,56.5
FractionSideEffectFunctions,4106,0.04382235032909945,0.23936754667971868,0.0,0.0,0.0,0.0,6.1190476190476195
ImperativeScoreFraction,4106,3.514831493469424,9.511083211892608,0.0,0.0,0.0,3.0,184.5
HasPointsFraction,4106,2.3570384802727715,5.210421992675724,0.0,0.0,1.0,2.0,89.0
ParadigmScoreFraction,4106,-0.37436050867199105,4.397524024161067,-62.85714285714286,-1.0,0.0,0.16866841083180492,87.8
