name,count,mean,std,min,25%,50%,75%,max
NumberOfLambdaFunctions,7543,0.6856688320296964,3.2784204144346423,0.0,0.0,0.0,0.0,65.0
SourceLinesOfLambda,7543,1.7626938883733263,9.623289104709057,0.0,0.0,0.0,0.0,336.0
LambdaScore,7543,0.02353954455838213,0.08185137499648623,0.0,0.0,0.0,0.0,0.9310344827586208
LambdaFunctionsUsingOuterVariables,7543,0.033938751160015906,0.32350500238628765,0.0,0.0,0.0,0.0,12.0
LambdaFunctionsUsingInnerVariables,7543,0.01113615272438022,0.14058660450638177,0.0,0.0,0.0,0.0,3.0
LambdaFunctionsWithSideEffects,7543,0.18493967917274293,0.9873912836411969,0.0,0.0,0.0,0.0,24.0
LambdaFunctionsWithAssignment,7543,0.031287286225639664,0.284538407955871,0.0,0.0,0.0,0.0,11.0
