name,count,mean,std,min,25%,50%,75%,max
NumberOfLambdaFunctions,908,5.704845814977974,37.73736926889221,0.0,0.0,0.0,1.0,728.0
SourceLinesOfLambda,908,8.460352422907489,51.15365413651736,0.0,0.0,0.0,1.0,1178.0
LambdaScore,908,0.08130911590940877,0.15905871394133755,0.0,0.0,0.0,0.10111940298507463,0.8965517241379308
LambdaFunctionsUsingOuterVariables,908,0.031938325991189426,0.33216703291826516,0.0,0.0,0.0,0.0,7.0
LambdaFunctionsUsingInnerVariables,908,0.013215859030837005,0.12353400404808428,0.0,0.0,0.0,0.0,2.0
LambdaFunctionsWithSideEffects,908,0.6762114537444934,6.128970928207298,0.0,0.0,0.0,0.0,170.0
LambdaFunctionsWithAssignment,908,0.03854625550660793,0.4965713547081869,0.0,0.0,0.0,0.0,9.0
