name,tn,fp,fn,tp,r2,precision,recall,mcc
NumberOfLambdaFunctions baseline,113,25,24,40,-0.12069746376811596,61.53846153846154,62.5,0.44201761297624836
NumberOfLambdaFunctions,111,27,27,37,-0.23505434782608714,57.8125,57.8125,0.38247282608695654
SourceLinesOfLambda baseline,113,25,24,40,-0.12069746376811596,61.53846153846154,62.5,0.44201761297624836
SourceLinesOfLambda,110,28,29,35,-0.3036684782608696,55.55555555555556,54.6875,0.3454463151678931
LambdaScore baseline,113,25,24,40,-0.12069746376811596,61.53846153846154,62.5,0.44201761297624836
LambdaScore,113,25,27,37,-0.18931159420289867,59.67741935483871,57.8125,0.4004262306373819
LambdaFunctionsWithSideEffects baseline,10,8,11,14,-0.8155555555555554,63.63636363636363,56.00000000000001,0.1140449604596933
LambdaFunctionsWithSideEffects,10,8,13,12,-1.0066666666666664,60.0,48.0,0.03516695858110864
