name,tn,fp,fn,tp,r2,precision,recall,mcc
NumberOfLambdaFunctions baseline,113,25,27,37,-0.18931159420289867,59.67741935483871,57.8125,0.4004262306373819
NumberOfLambdaFunctions,111,27,29,35,-0.2807971014492754,56.451612903225815,54.6875,0.3542847026346716
SourceLinesOfLambda baseline,113,25,27,37,-0.18931159420289867,59.67741935483871,57.8125,0.4004262306373819
SourceLinesOfLambda,110,28,25,39,-0.2121829710144929,58.2089552238806,60.9375,0.40166189490894066
LambdaScore baseline,113,25,27,37,-0.18931159420289867,59.67741935483871,57.8125,0.4004262306373819
LambdaScore,112,26,28,36,-0.23505434782608714,58.06451612903226,56.25,0.37735546663602676
LambdaFunctionsWithSideEffects baseline,9,9,11,14,-0.911111111111111,60.86956521739131,56.00000000000001,0.05934424260562083
LambdaFunctionsWithSideEffects,10,8,12,13,-0.911111111111111,61.904761904761905,52.0,0.07456785876210716
