name,tn,fp,fn,tp,r2,precision,recall,mcc
NumberOfLambdaFunctions baseline,229,122,45,69,-0.9406957564852296,36.12565445026178,60.526315789473685,0.2253216059348256
NumberOfLambdaFunctions,229,122,46,68,-0.952316689158794,35.78947368421053,59.64912280701754,0.21782624609319845
SourceLinesOfLambda baseline,229,122,45,69,-0.9406957564852296,36.12565445026178,60.526315789473685,0.2253216059348256
SourceLinesOfLambda,226,125,44,70,-0.9639376218323581,35.8974358974359,61.40350877192983,0.2248404913147386
LambdaScore baseline,229,122,45,69,-0.9406957564852296,36.12565445026178,60.526315789473685,0.2253216059348256
LambdaScore,229,122,48,66,-0.9755585545059224,35.1063829787234,57.89473684210527,0.20281140952800705
LambdaFunctionsWithSideEffects baseline,10,8,6,7,-0.8547008547008543,46.666666666666664,53.84615384615385,0.09283444198266944
LambdaFunctionsWithSideEffects,10,8,6,7,-0.8547008547008543,46.666666666666664,53.84615384615385,0.09283444198266944
