name,tn,fp,fn,tp,r2,precision,recall,mcc
NumberOfLambdaFunctions baseline,149,49,8,28,-0.8712121212121218,36.36363636363637,77.77777777777779,0.40720468453031994
NumberOfLambdaFunctions,153,45,8,28,-0.7398989898989905,38.35616438356164,77.77777777777779,0.4287170790715863
SourceLinesOfLambda baseline,149,49,8,28,-0.8712121212121218,36.36363636363637,77.77777777777779,0.40720468453031994
SourceLinesOfLambda,152,46,8,28,-0.7727272727272732,37.83783783783784,77.77777777777779,0.4232203670849019
LambdaScore baseline,149,49,8,28,-0.8712121212121218,36.36363636363637,77.77777777777779,0.40720468453031994
LambdaScore,148,50,8,28,-0.9040404040404046,35.8974358974359,77.77777777777779,0.40201512610368484
