name,tn,fp,fn,tp,r2,precision,recall,mcc
NumberOfLambdaFunctions baseline,201,47,40,65,-0.17937788018433198,58.03571428571429,61.904761904761905,0.42188877053078605
NumberOfLambdaFunctions,203,45,36,69,-0.09804147465437807,60.526315789473685,65.71428571428571,0.46504424203004874
SourceLinesOfLambda baseline,201,47,40,65,-0.17937788018433198,58.03571428571429,61.904761904761905,0.42188877053078605
SourceLinesOfLambda,207,41,38,67,-0.07092933947772684,62.03703703703704,63.8095238095238,0.46900548460612207
LambdaScore baseline,201,47,40,65,-0.17937788018433198,58.03571428571429,61.904761904761905,0.42188877053078605
LambdaScore,204,44,35,70,-0.07092933947772684,61.40350877192983,66.66666666666666,0.4782968954115461
LambdaFunctionsWithSideEffects baseline,18,8,8,10,-0.504273504273504,55.55555555555556,55.55555555555556,0.24786324786324787
LambdaFunctionsWithSideEffects,19,7,6,12,-0.22222222222222188,63.1578947368421,66.66666666666666,0.3944965530449822
