name,tn,fp,fn,tp,r2,precision,recall,mcc
NumberOfLambdaFunctions baseline,198,50,41,64,-0.23360215053763467,56.14035087719298,60.952380952380956,0.3987809751225622
NumberOfLambdaFunctions,197,51,39,66,-0.22004608294930894,56.41025641025641,62.857142857142854,0.41071088866858757
SourceLinesOfLambda baseline,198,50,41,64,-0.23360215053763467,56.14035087719298,60.952380952380956,0.3987809751225622
SourceLinesOfLambda,199,49,40,65,-0.20649001536098321,57.01754385964912,61.904761904761905,0.4120336285040595
LambdaScore baseline,198,50,41,64,-0.23360215053763467,56.14035087719298,60.952380952380956,0.3987809751225622
LambdaScore,201,47,40,65,-0.17937788018433198,58.03571428571429,61.904761904761905,0.42188877053078605
LambdaFunctionsWithSideEffects baseline,18,8,7,11,-0.4102564102564099,57.89473684210527,61.111111111111114,0.3011747878085348
LambdaFunctionsWithSideEffects,20,6,5,13,-0.03418803418803407,68.42105263157895,72.22222222222221,0.48781831828142963
