name,tn,fp,fn,tp,r2,precision,recall,mcc
NumberOfLambdaFunctions baseline,125,31,26,44,-0.17967032967032992,58.666666666666664,62.857142857142854,0.4220973841613693
NumberOfLambdaFunctions,124,32,24,46,-0.1589743589743593,58.97435897435898,65.71428571428571,0.4396283318851813
SourceLinesOfLambda baseline,125,31,26,44,-0.17967032967032992,58.666666666666664,62.857142857142854,0.4220973841613693
SourceLinesOfLambda,124,32,24,46,-0.1589743589743593,58.97435897435898,65.71428571428571,0.4396283318851813
LambdaScore baseline,125,31,26,44,-0.17967032967032992,58.666666666666664,62.857142857142854,0.4220973841613693
LambdaScore,126,30,27,43,-0.17967032967032992,58.9041095890411,61.42857142857143,0.41724775223693483
