name,tn,fp,fn,tp,r2,precision,recall,mcc
NumberOfLambdaFunctions baseline,131,25,24,46,-0.014102564102564275,64.7887323943662,65.71428571428571,0.4949638108842298
NumberOfLambdaFunctions,123,33,24,46,-0.17967032967032992,58.22784810126582,65.71428571428571,0.43210428434260006
SourceLinesOfLambda baseline,131,25,24,46,-0.014102564102564275,64.7887323943662,65.71428571428571,0.4949638108842298
SourceLinesOfLambda,131,25,25,45,-0.03479853479853512,64.28571428571429,64.28571428571429,0.4826007326007326
LambdaScore baseline,131,25,24,46,-0.014102564102564275,64.7887323943662,65.71428571428571,0.4949638108842298
LambdaScore,128,28,25,45,-0.09688644688644721,61.64383561643836,64.28571428571429,0.45817570015600917
