name,tn,fp,fn,tp,r2,precision,recall,mcc
NumberOfLambdaFunctions baseline,187,49,13,33,-0.6105379513633011,40.243902439024396,71.73913043478261,0.4147461024445719
NumberOfLambdaFunctions,190,46,17,29,-0.6365143699336768,38.666666666666664,63.04347826086957,0.36418893453978635
SourceLinesOfLambda baseline,187,49,13,33,-0.6105379513633011,40.243902439024396,71.73913043478261,0.4147461024445719
SourceLinesOfLambda,187,49,15,31,-0.6624907885040527,38.75,67.3913043478261,0.38217875848229343
LambdaScore baseline,187,49,13,33,-0.6105379513633011,40.243902439024396,71.73913043478261,0.4147461024445719
LambdaScore,185,51,13,33,-0.6624907885040527,39.285714285714285,71.73913043478261,0.4049966043697026
LambdaFunctionsWithSideEffects baseline,51,15,6,19,-0.15818181818181842,55.88235294117647,76.0,0.49155262153246104
LambdaFunctionsWithSideEffects,50,16,8,17,-0.32363636363636394,51.515151515151516,68.0,0.4062788914055498
