name,tn,fp,fn,tp,r2,precision,recall,mcc
NumberOfLambdaFunctions baseline,187,49,16,30,-0.6884672070744287,37.9746835443038,65.21739130434783,0.36575547486316223
NumberOfLambdaFunctions,185,51,15,31,-0.7144436256448043,37.80487804878049,67.3913043478261,0.3724770742951793
SourceLinesOfLambda baseline,187,49,16,30,-0.6884672070744287,37.9746835443038,65.21739130434783,0.36575547486316223
SourceLinesOfLambda,189,47,16,30,-0.6365143699336768,38.961038961038966,65.21739130434783,0.375691452142646
LambdaScore baseline,187,49,16,30,-0.6884672070744287,37.9746835443038,65.21739130434783,0.36575547486316223
LambdaScore,190,46,18,28,-0.6624907885040527,37.83783783783784,60.86956521739131,0.34750199556810074
LambdaFunctionsWithSideEffects baseline,51,15,8,17,-0.26848484848484877,53.125,68.0,0.42323115999650557
LambdaFunctionsWithSideEffects,52,14,10,15,-0.32363636363636394,51.724137931034484,60.0,0.37157215238562963
