name,tn,fp,fn,tp,r2,precision,recall,mcc
univariate,469,40,9,77,0.33396536756979034,65.8119658119658,89.53488372093024,0.7225992274740194
baseline,440,69,30,56,-0.3456618083794032,44.800000000000004,65.11627906976744,0.4450609666048468
control,461,48,10,76,0.2116324758989354,61.29032258064516,88.37209302325581,0.6834300214420673
