name,tn,fp,fn,tp,r2,precision,recall,mcc
univariate,1074,126,24,170,0.10180412371134018,57.432432432432435,87.62886597938144,0.6527718360001545
baseline,991,209,73,121,-0.6886082474226805,36.666666666666664,62.371134020618555,0.36604675427807304
control,1057,143,20,174,0.023960481099656317,54.889589905362776,89.69072164948454,0.6422272782147483
