name,tn,fp,fn,tp,r2,precision,recall,mcc
baseline,1002,282,54,107,-1.3486387647297855,27.506426735218508,66.45962732919256,0.31565997979471894
ImplicitDefinitions,991,293,48,113,-1.3835887463477885,27.832512315270936,70.1863354037267,0.33158946889245833
ImplicitConversions,1003,281,52,109,-1.3276687757589838,27.94871794871795,67.70186335403726,0.3247616807725003
ImplicitParameters,1000,284,55,106,-1.3696087537005872,27.17948717948718,65.83850931677019,0.3098977005566022
OverridingPatternVariables,1001,283,56,105,-1.3696087537005872,27.061855670103093,65.21739130434783,0.30654446539650104
UsageOfNull,998,286,52,109,-1.3626187573769868,27.59493670886076,67.70186335403726,0.32071789537908835
UnitVariables,1004,280,53,108,-1.3276687757589838,27.835051546391753,67.08074534161491,0.3214326003046184
FunctionVariables,998,286,49,112,-1.341648768406185,28.14070351758794,69.56521739130434,0.3330885860407726
NumberOfReturns,1001,283,52,109,-1.341648768406185,27.806122448979593,67.70186335403726,0.32313732098527465
