name,tn,fp,fn,tp,r2,precision,recall,mcc
baseline,997,287,47,114,-1.3346587720825842,28.428927680798004,70.80745341614907,0.34049869569271063
ImplicitDefinitions,998,286,46,115,-1.3206787794353834,28.6783042394015,71.42857142857143,0.3454106007259641
ImplicitConversions,1006,278,48,113,-1.27873880149378,28.9002557544757,70.1863354037267,0.3437510176389841
ImplicitParameters,1002,282,54,107,-1.3486387647297855,27.506426735218508,66.45962732919256,0.31565997979471894
OverridingPatternVariables,998,286,50,111,-1.3486387647297855,27.95969773299748,68.94409937888199,0.32897049425960717
UsageOfNull,1003,281,49,112,-1.306698786788182,28.498727735368956,69.56521739130434,0.3371568157495069
UnitVariables,1004,280,49,112,-1.2997087904645817,28.57142857142857,69.56521739130434,0.3379774075009184
FunctionVariables,995,289,51,110,-1.3765987500241876,27.56892230576441,68.32298136645963,0.3224427987603072
NumberOfReturns,995,289,47,114,-1.3486387647297855,28.287841191067,70.80745341614907,0.3388856570208418
