name,tn,fp,fn,tp,r2,precision,recall,mcc
baseline,849,138,23,44,-1.5661056420027526,24.175824175824175,65.67164179104478,0.3336626200280398
ImplicitDefinitions,869,118,20,47,-1.1995191217166452,28.484848484848484,70.1492537313433,0.39073299879038365
ImplicitConversions,847,140,23,44,-1.5979827307232837,23.91304347826087,65.67164179104478,0.3309231051429682
ImplicitParameters,847,140,22,45,-1.5820441863630181,24.324324324324326,67.16417910447761,0.33978984215868874
OverridingPatternVariables,849,138,23,44,-1.5661056420027526,24.175824175824175,65.67164179104478,0.3336626200280398
UsageOfNull,849,138,23,44,-1.5661056420027526,24.175824175824175,65.67164179104478,0.3336626200280398
UnitVariables,849,138,23,44,-1.5661056420027526,24.175824175824175,65.67164179104478,0.3336626200280398
FunctionVariables,853,134,22,45,-1.486412920201425,25.139664804469277,67.16417910447761,0.348201332619581
NumberOfReturns,849,138,23,44,-1.5661056420027526,24.175824175824175,65.67164179104478,0.3336626200280398
