name,tn,fp,fn,tp,r2,precision,recall,mcc
baseline,1826,364,80,103,-1.6289692342241193,22.055674518201286,56.284153005464475,0.26614290878344504
ImplicitDefinitions,1817,373,77,106,-1.664495845497418,22.129436325678498,57.92349726775956,0.27178360756464065
ImplicitConversions,1832,358,81,102,-1.5993637248297037,22.17391304347826,55.73770491803278,0.2658303737224374
ImplicitParameters,1818,372,79,104,-1.6704169473763013,21.84873949579832,56.830601092896174,0.265446289399928
OverridingPatternVariables,1834,356,80,103,-1.581600419193054,22.440087145969496,56.284153005464475,0.2703578690319284
UsageOfNull,1840,350,83,100,-1.5638371135564046,22.22222222222222,54.644808743169406,0.26311649745266935
UnitVariables,1820,370,80,103,-1.664495845497418,21.775898520084567,56.284153005464475,0.2630371712113722
FunctionVariables,1830,360,85,98,-1.6348903361030023,21.397379912663755,53.551912568306015,0.25087827028543735
NumberOfReturns,1824,366,81,102,-1.6467325398607686,21.794871794871796,55.73770491803278,0.2616521354217768
