name,tn,fp,fn,tp,r2,precision,recall,mcc
baseline,712,105,47,44,-0.8563761819575773,29.53020134228188,48.35164835164835,0.28783460848529413
ImplicitDefinitions,709,108,47,44,-0.8930151855488453,28.947368421052634,48.35164835164835,0.2825912799239416
ImplicitConversions,710,107,49,42,-0.9052281867459346,28.187919463087248,46.15384615384615,0.26802982505751805
ImplicitParameters,720,97,47,44,-0.7586721723808627,31.20567375886525,48.35164835164835,0.3024591560256495
OverridingPatternVariables,710,107,47,44,-0.880802184351756,29.13907284768212,48.35164835164835,0.2843252650089986
UsageOfNull,705,112,46,45,-0.9296541891401131,28.662420382165603,49.45054945054945,0.2838174334294396
UnitVariables,710,107,48,43,-0.8930151855488453,28.666666666666668,47.25274725274725,0.2761971281091346
FunctionVariables,713,104,48,43,-0.8563761819575773,29.25170068027211,47.25274725274725,0.2814442565534376
NumberOfReturns,711,106,47,44,-0.8685891831546666,29.333333333333332,48.35164835164835,0.28607296461866816
