name,tn,fp,fn,tp,r2,precision,recall,mcc
univariate,2774,322,27,212,-0.5729771442163192,39.70037453183521,88.70292887029288,0.550740968651132
baseline,2550,546,107,132,-1.9431348858832562,19.469026548672566,55.23012552301255,0.24094212137004142
control,2733,363,24,215,-0.7442468619246865,37.19723183391003,89.9581589958159,0.5331004721037793
