name,tn,fp,fn,tp,r2,precision,recall,mcc
baseline,5705,1008,275,555,-0.7369048366862352,35.50863723608445,66.86746987951807,0.4003421944790065
NumberOfLambdaFunctions,5701,1012,268,562,-0.7328434847688083,35.70520965692503,67.71084337349397,0.40534416708390936
SourceLinesOfLambda,5701,1012,268,562,-0.7328434847688083,35.70520965692503,67.71084337349397,0.40534416708390936
LambdaScore,5701,1012,270,560,-0.7355510527137596,35.6234096692112,67.46987951807229,0.403677484019263
LambdaFunctionsUsingOuterVariables,5699,1014,270,560,-0.738258620658711,35.57814485387548,67.46987951807229,0.40325908296662544
LambdaFunctionsUsingInnerVariables,5703,1010,271,559,-0.7341972687412839,35.62778840025494,67.34939759036145,0.4032625461202411
LambdaFunctionsWithSideEffects,5687,1026,264,566,-0.7463813244935646,35.55276381909548,68.19277108433735,0.405751712583111
LambdaFunctionsWithAssignment,5692,1021,271,559,-0.749088892438516,35.379746835443036,67.34939759036145,0.4009666939077244
