name,tn,fp,fn,tp,r2,precision,recall,mcc
baseline,438,71,31,55,-0.3864394389363548,43.65079365079365,63.95348837209303,0.4303740831884827
NumberOfLambdaFunctions,436,73,33,53,-0.44080961301229027,42.06349206349206,61.627906976744185,0.40697670738354436
SourceLinesOfLambda,436,73,31,55,-0.41362452597432253,42.96875,63.95348837209303,0.4245494567044527
LambdaScore,437,72,32,54,-0.41362452597432253,42.857142857142854,62.7906976744186,0.4186753952860135
LambdaFunctionsUsingOuterVariables,441,68,34,52,-0.3864394389363548,43.333333333333336,60.46511627906976,0.4128032580679726
LambdaFunctionsUsingInnerVariables,440,69,31,55,-0.35925435189838706,44.354838709677416,63.95348837209303,0.43631061763611084
LambdaFunctionsWithSideEffects,433,76,30,56,-0.44080961301229027,42.42424242424242,65.11627906976744,0.42472218050795013
LambdaFunctionsWithAssignment,439,70,29,57,-0.3456618083794032,44.881889763779526,66.27906976744185,0.45077802403043166
