name,count,precision mean,precision std,recall mean,recall std,mcc mean,mcc std
LambdaFunctionsUsingInnerVariables,7,31.471228859407876,7.93305129519298,61.62559582250504,7.228208998164255,0.3451124816341831,0.061111640075725136
LambdaFunctionsUsingOuterVariables,7,31.525778470194375,7.620268418150671,61.38047520567097,7.294649654644948,0.344606100214696,0.05477232236234435
LambdaFunctionsWithAssignment,7,31.755616782667833,8.085760514231241,62.29765287252528,7.710839109177117,0.35041577649974504,0.06402468744570841
LambdaFunctionsWithSideEffects,7,30.973862923565143,7.447858777243037,61.85374526623712,8.242303724394114,0.3416109453854365,0.06162229367847589
LambdaScore,7,31.403356038012983,7.536077512803186,61.790765131782486,7.233864995749999,0.34523017633674885,0.05688632257854822
NumberOfLambdaFunctions,7,31.1791883504564,7.143322861720307,60.87923274363656,7.273974836553689,0.3399204245508701,0.05396891845906502
SourceLinesOfLambda,7,31.205620703199738,7.365762072741984,60.601106596563184,7.603532126399304,0.33947831936083367,0.0612126192697517
baseline,7,31.43482852079294,7.675975964907306,61.89658014306925,7.504103730173421,0.3458480237571124,0.058372449419620366
