name,count,precision mean,precision std,recall mean,recall std,mcc mean,mcc std
LambdaFunctionsUsingInnerVariables,7,31.46988207162422,7.654028713969527,61.38649688190312,7.166038080987355,0.34403474604544637,0.0596884082082541
LambdaFunctionsUsingOuterVariables,7,31.4930564296398,8.193150061276082,61.08898630502005,7.200664647762069,0.34296707837389573,0.06287239403581835
LambdaFunctionsWithAssignment,7,31.142423016642834,7.051077322926678,61.23231232839624,7.397814527678834,0.34057947377320147,0.05558225765205073
LambdaFunctionsWithSideEffects,7,30.866966170644755,7.139402357034599,61.47284733051738,7.395185208186194,0.33921022125324274,0.0574298204751166
LambdaScore,7,31.363711307821745,7.501601831695056,61.343062671287775,7.062128125984902,0.3429531822946842,0.05525909523167292
NumberOfLambdaFunctions,7,31.070023404243255,6.4866678141432494,60.60843735377498,7.254068120317532,0.3381817806630102,0.04897779848168399
SourceLinesOfLambda,7,30.834946285722417,6.849725969396126,60.80482272970509,7.837472592367978,0.3368389476729761,0.0562129973175774
baseline,7,31.223387971441948,7.437134823750543,60.90451519204807,6.556568188479997,0.34005735743415316,0.055231110389538686
