name,count,precision,recall,mcc
LambdaFunctionsUsingInnerVariables,7,30.555555555555557,63.95348837209303,0.34395108768673605
LambdaFunctionsUsingOuterVariables,7,29.33333333333333,62.7906976744186,0.3350468263483416
LambdaFunctionsWithAssignment,7,30.555555555555557,63.95348837209303,0.33847791858122706
LambdaFunctionsWithSideEffects,7,29.33333333333333,65.11627906976744,0.3282212562968589
LambdaScore,7,29.72972972972973,62.7906976744186,0.33228809012017785
NumberOfLambdaFunctions,7,28.66666666666667,60.465116279069754,0.3364408430845921
SourceLinesOfLambda,7,28.85906040268457,63.95348837209303,0.3309231051429682
baseline,7,30.2013422818792,61.62790697674418,0.3336626200280398
