name,count,precision,recall,mcc
LambdaFunctionsUsingInnerVariables,7,30.2013422818792,65.67164179104478,0.3388602643377152
LambdaFunctionsUsingOuterVariables,7,31.25,65.67164179104478,0.34409302403095865
LambdaFunctionsWithAssignment,7,30.28169014084507,63.95348837209303,0.34584078891878484
LambdaFunctionsWithSideEffects,7,31.333333333333336,65.67164179104478,0.3370874515777976
LambdaScore,7,29.72972972972973,67.10843373493975,0.3425542969789399
NumberOfLambdaFunctions,7,29.05405405405405,66.98795180722892,0.3425542969789399
SourceLinesOfLambda,7,30.136986301369863,65.67164179104478,0.33754568307173977
baseline,7,31.654676258992804,65.11627906976744,0.3402429363441653
