name,tn,fp,fn,tp,r2,precision,recall,mcc
baseline,1826,364,80,103,-1.6289692342241193,22.055674518201286,56.284153005464475,0.26614290878344504
NumberOfLambdaFunctions,1839,351,82,101,-1.5638371135564046,22.345132743362832,55.19125683060109,0.26607262060710296
SourceLinesOfLambda,1840,350,82,101,-1.5579160116775213,22.394678492239468,55.19125683060109,0.266608618150891
LambdaScore,1824,366,79,104,-1.6348903361030023,22.127659574468083,56.830601092896174,0.2685477396153734
LambdaFunctionsUsingOuterVariables,1826,364,80,103,-1.6289692342241193,22.055674518201286,56.284153005464475,0.26614290878344504
LambdaFunctionsUsingInnerVariables,1826,364,80,103,-1.6289692342241193,22.055674518201286,56.284153005464475,0.26614290878344504
LambdaFunctionsWithSideEffects,1821,369,79,104,-1.652653641739652,21.987315010570825,56.830601092896174,0.26699122674972636
LambdaFunctionsWithAssignment,1826,364,80,103,-1.6289692342241193,22.055674518201286,56.284153005464475,0.26614290878344504
