name,tn,fp,fn,tp,r2,precision,recall,mcc
baseline,712,105,47,44,-0.8563761819575773,29.53020134228188,48.35164835164835,0.28783460848529413
NumberOfLambdaFunctions,711,106,47,44,-0.8685891831546666,29.333333333333332,48.35164835164835,0.28607296461866816
SourceLinesOfLambda,712,105,49,42,-0.880802184351756,28.57142857142857,46.15384615384615,0.27148783839196483
LambdaScore,710,107,47,44,-0.880802184351756,29.13907284768212,48.35164835164835,0.2843252650089986
LambdaFunctionsUsingOuterVariables,714,103,47,44,-0.8319501795633986,29.931972789115648,48.35164835164835,0.2914006747149103
LambdaFunctionsUsingInnerVariables,710,107,47,44,-0.880802184351756,29.13907284768212,48.35164835164835,0.2843252650089986
LambdaFunctionsWithSideEffects,709,108,49,42,-0.917441187943024,28.000000000000004,46.15384615384615,0.2663212915996011
LambdaFunctionsWithAssignment,712,105,47,44,-0.8563761819575773,29.53020134228188,48.35164835164835,0.28783460848529413
