name,tn,fp,fn,tp,r2,precision,recall,mcc
baseline,1238,149,49,205,0.07771829530681384,57.909604519774014,80.70866141732283,0.615249896885373
NumberOfLambdaFunctions,1242,145,50,204,0.09169226052943791,58.45272206303726,80.31496062992126,0.6175104594548091
SourceLinesOfLambda,1252,135,50,204,0.13827214460485138,60.17699115044248,80.31496062992126,0.6305826338263409
LambdaScore,1241,146,48,206,0.0963502489369793,58.52272727272727,81.10236220472441,0.6218915050955591
LambdaFunctionsUsingOuterVariables,1239,148,48,206,0.08703427212189663,58.19209039548022,81.10236220472441,0.6193459217821794
LambdaFunctionsUsingInnerVariables,1245,142,46,208,0.12429817938222731,59.42857142857143,81.88976377952756,0.632681731062455
LambdaFunctionsWithSideEffects,1247,140,50,204,0.11498220256714464,59.30232558139535,80.31496062992126,0.6239852609315351
LambdaFunctionsWithAssignment,1250,137,49,205,0.13361415619730999,59.94152046783626,80.70866141732283,0.6307572225702048
