name,tn,fp,fn,tp,r2,precision,recall,mcc
baseline,1675,310,121,246,-0.39151538445699696,44.24460431654676,67.0299727520436,0.4391312626549815
NumberOfLambdaFunctions,1671,314,115,252,-0.38505823650128,44.522968197879855,68.66485013623979,0.44861954835864365
SourceLinesOfLambda,1673,312,121,246,-0.3979725324127139,44.086021505376344,67.0299727520436,0.43772833627428676
LambdaScore,1670,315,122,245,-0.4108868283241476,43.75,66.7574931880109,0.4335804707935617
LambdaFunctionsUsingOuterVariables,1674,311,121,246,-0.3947439584348553,44.165170556552965,67.0299727520436,0.43842906189690595
LambdaFunctionsUsingInnerVariables,1668,317,122,245,-0.4173439762798645,43.594306049822066,66.7574931880109,0.4321926034028117
LambdaFunctionsWithSideEffects,1677,308,117,250,-0.3721439405898461,44.80286738351255,68.11989100817438,0.4487451422850744
LambdaFunctionsWithAssignment,1673,312,120,247,-0.3947439584348553,44.18604651162791,67.30245231607628,0.43978158317091504
