name,tn,fp,fn,tp,r2,precision,recall,mcc
Akka,18634,1563,1229,1063,-0.3563884394905641,40.47981721249048,46.37870855148342,0.36401338198487154
Gitbucket,1255,132,80,174,0.012506457601235033,56.86274509803921,68.50393700787401,0.5477848380797459
Http4s,1543,192,180,217,-0.15143692971058154,53.0562347188264,54.65994962216625,0.4309869345496709
Quill,924,124,148,105,-0.33464079896207344,45.851528384279476,41.50197628458498,0.30834866561716223
Scio,1790,195,184,183,-0.2236295376083568,48.41269841269841,49.863760217983646,0.3956296016048597
Shapeless,3753,409,206,124,-1.0114018609934035,23.26454033771107,37.57575757575757,0.22386958670134682
ZIO,2570,359,235,152,-0.7376833112340901,29.74559686888454,39.276485788113696,0.24028103684732957
