name,tn,fp,fn,tp,r2,precision,recall,mcc
baseline,930,118,103,150,-0.08439564915668463,55.970149253731336,59.28853754940712,0.47003137499076847
NumberOfLambdaFunctions,931,117,103,150,-0.0794888815134418,56.17977528089888,59.28853754940712,0.47161810490734346
SourceLinesOfLambda,930,118,102,151,-0.0794888815134418,56.13382899628253,59.683794466403164,0.4732469662126681
LambdaScore,931,117,102,151,-0.07458211387019897,56.343283582089555,59.683794466403164,0.47483333829439
LambdaFunctionsUsingOuterVariables,931,117,102,151,-0.07458211387019897,56.343283582089555,59.683794466403164,0.47483333829439
LambdaFunctionsUsingInnerVariables,931,117,102,151,-0.07458211387019897,56.343283582089555,59.683794466403164,0.47483333829439
LambdaFunctionsWithSideEffects,932,116,103,150,-0.07458211387019897,56.390977443609025,59.28853754940712,0.4732118712047178
LambdaFunctionsWithAssignment,931,117,101,152,-0.06967534622695593,56.50557620817844,60.079051383399204,0.47804231726523033
