name,tn,fp,fn,tp,r2,precision,recall,mcc
univariate,917,89,11,86,-0.1303314135803737,49.142857142857146,88.65979381443299,0.6186781838188162
baseline,784,222,36,61,-1.9162550470373638,21.554770318021202,62.88659793814433,0.26469583750314857
control,909,97,12,85,-0.23206124080260726,46.7032967032967,87.62886597938144,0.595031554613002
