name,count,mean,std,min,25%,50%,75%,max
CyclomaticComplexity,1244,2.894694533762058,3.970851659200424,1.0,1.0,1.0,3.0,48.0
DepthOfNesting,1244,3.7491961414790995,5.334487529015098,0.0,0.0,0.0,7.0,69.0
LinesOfCode,1244,7.293408360128617,11.094558324492672,1.0,2.0,4.0,8.0,135.0
SourceLinesOfCode,1244,6.508038585209003,9.160977422326706,1.0,2.0,4.0,7.0,108.0
CommentLinesOfCode,1244,0.385048231511254,2.5373416982918706,0.0,0.0,0.0,0.0,54.0
CommentDensity,1244,0.014836535993227805,0.06715664029448405,0.0,0.0,0.0,0.0,0.7021276595744681
OutDegree,1244,9.286173633440514,19.394538593683084,0.0,1.0,3.0,9.0,239.0
OutDegreeDistinct,1244,4.190514469453376,4.752087915655296,0.0,1.0,3.0,5.0,42.0
PatternSize,1244,11.553858520900322,30.915832999802564,0.0,0.0,0.0,10.0,429.0
NumberOfPatternVariables,1244,2.712218649517685,7.727508003809242,0.0,0.0,0.0,2.0,98.0
