name,count,percentage_faulty mean,percentage_faulty std,percentage_total_faults mean,percentage_total_faults std
FunctionVariables,7,33.62757017940711,14.24056872789209,31.492868668386084,8.692776808682325
ImplicitConversions,7,35.67909612404039,12.991295706414633,35.49364022737804,11.767838563228423
ImplicitDefinitions,7,34.4789120228399,12.321748104505106,42.76759668621606,15.289809198808918
ImplicitParameters,7,39.596581330445936,12.664057784260287,40.658221563831596,10.81331206763417
NumberOfReturns,5,35.0,48.73397172404482,1.562109522203931,2.727786744031305
OverridingPatternVariables,7,49.67875122502885,16.366411538273624,17.105867732738286,8.664529937883971
UnitVariables,6,27.375691480954643,16.356884501713598,4.694352498288282,9.386816270417821
UsageOfNull,7,41.170447556511654,16.062259912505183,17.73066883366108,10.861864102715803
