name,count,percentage_faulty,percentage_total_faults
FunctionVariables,7,30.56379821958457,31.457242582897027
ImplicitConversions,7,36.09756097560975,33.5149863760218
ImplicitDefinitions,7,34.57446808510639,48.48484848484848
ImplicitParameters,7,38.37837837837838,37.54940711462451
NumberOfReturns,5,0.0,0.0
OverridingPatternVariables,7,41.035856573705175,16.060606060606062
UnitVariables,6,27.631578947368418,0.8190793956418336
UsageOfNull,7,45.283018867924525,11.462450592885375
