name,rows_with_data,faulty_rows_with_data,non_faulty_rows_with_data,percentage_faulty,percentage_total_faults
ImplicitDefinitions,564,195,369,34.57446808510639,53.13351498637602
ImplicitConversions,325,123,202,37.84615384615385,33.5149863760218
ImplicitParameters,555,213,342,38.37837837837838,58.03814713896458
OverridingPatternVariables,63,25,38,39.682539682539684,6.811989100817439
UsageOfNull,282,130,152,46.09929078014184,35.42234332425068
UnitVariables,37,9,28,24.324324324324326,2.452316076294278
FunctionVariables,337,103,234,30.56379821958457,28.065395095367844
