name,precision,recall,mcc
baseline,31.50684931506849,65.11627906976744,0.36604675427807293
control,49.57764782326186,89.69072164948454,0.6240812743330781
univariate,53.058321479374115,89.55223880597015,0.6432448378910551
