name,tn,fp,fn,tp,r2,precision,recall,mcc
NumberOfLambdaFunctions baseline,288,117,77,207,-0.16211093722830827,63.888888888888886,72.88732394366197,0.43391531020813334
NumberOfLambdaFunctions,291,114,82,202,-0.17409146235437323,63.92405063291139,71.12676056338029,0.42456199405979483
SourceLinesOfLambda baseline,288,117,77,207,-0.16211093722830827,63.888888888888886,72.88732394366197,0.43391531020813334
SourceLinesOfLambda,291,114,84,200,-0.18607198748043818,63.69426751592356,70.4225352112676,0.4178145340286948
LambdaScore baseline,288,117,77,207,-0.16211093722830827,63.888888888888886,72.88732394366197,0.43391531020813334
LambdaScore,293,112,77,207,-0.13215962441314555,64.89028213166145,72.88732394366197,0.44652512320756277
LambdaFunctionsWithSideEffects baseline,20,12,20,29,-0.6530612244897962,70.73170731707317,59.183673469387756,0.21202348264433624
LambdaFunctionsWithSideEffects,19,13,19,30,-0.6530612244897962,69.76744186046511,61.224489795918366,0.20179177805254128
