name,tn,fp,fn,tp,r2,precision,recall,mcc
NumberOfLambdaFunctions baseline,148,44,28,84,-0.017857142857143016,65.625,75.0,0.5088585525616638
NumberOfLambdaFunctions,151,41,29,83,0.010416666666666519,66.93548387096774,74.10714285714286,0.5177969607960831
SourceLinesOfLambda baseline,148,44,28,84,-0.017857142857143016,65.625,75.0,0.5088585525616638
SourceLinesOfLambda,148,44,30,82,-0.04613095238095255,65.07936507936508,73.21428571428571,0.4925062874771223
LambdaScore baseline,148,44,28,84,-0.017857142857143016,65.625,75.0,0.5088585525616638
LambdaScore,148,44,28,84,-0.017857142857143016,65.625,75.0,0.5088585525616638
