name,tn,fp,fn,tp,r2,precision,recall,mcc
NumberOfLambdaFunctions baseline,341,87,81,151,-0.11666129552046423,63.4453781512605,65.08620689655173,0.4450435979142561
NumberOfLambdaFunctions,350,78,79,153,-0.0435465678375766,66.23376623376623,65.94827586206897,0.4777138875675643
SourceLinesOfLambda baseline,341,87,81,151,-0.11666129552046423,63.4453781512605,65.08620689655173,0.4450435979142561
SourceLinesOfLambda,348,80,81,151,-0.07013374154044483,65.36796536796537,65.08620689655173,0.4644070940420054
LambdaScore baseline,341,87,81,151,-0.11666129552046423,63.4453781512605,65.08620689655173,0.4450435979142561
LambdaScore,347,81,81,151,-0.07678053496616188,65.08620689655173,65.08620689655173,0.4616097325169191
LambdaFunctionsWithSideEffects baseline,32,14,19,37,-0.3066770186335399,72.54901960784314,66.07142857142857,0.3546496828075953
LambdaFunctionsWithSideEffects,33,13,19,37,-0.2670807453416144,74.0,66.07142857142857,0.37635644148379466
