name,tn,fp,fn,tp,r2,precision,recall,mcc
NumberOfLambdaFunctions baseline,354,77,43,83,-0.23080322616285498,51.87500000000001,65.87301587301587,0.4438932461626497
NumberOfLambdaFunctions,354,77,42,84,-0.22054653261149793,52.17391304347826,66.66666666666666,0.45039567452967283
SourceLinesOfLambda baseline,354,77,43,83,-0.23080322616285498,51.87500000000001,65.87301587301587,0.4438932461626497
SourceLinesOfLambda,354,77,42,84,-0.22054653261149793,52.17391304347826,66.66666666666666,0.45039567452967283
LambdaScore baseline,354,77,43,83,-0.23080322616285498,51.87500000000001,65.87301587301587,0.4438932461626497
LambdaScore,355,76,44,82,-0.23080322616285498,51.89873417721519,65.07936507936508,0.44036024380334554
