name,tn,fp,fn,tp,r2,precision,recall,mcc
NumberOfLambdaFunctions baseline,361,70,42,84,-0.1487496777519981,54.54545454545454,66.66666666666666,0.471693720862985
NumberOfLambdaFunctions,358,73,45,81,-0.21028983906014087,52.5974025974026,64.28571428571429,0.44291048219945706
SourceLinesOfLambda baseline,361,70,42,84,-0.1487496777519981,54.54545454545454,66.66666666666666,0.471693720862985
SourceLinesOfLambda,361,70,42,84,-0.1487496777519981,54.54545454545454,66.66666666666666,0.471693720862985
LambdaScore baseline,361,70,42,84,-0.1487496777519981,54.54545454545454,66.66666666666666,0.471693720862985
LambdaScore,362,69,41,85,-0.12823629064928377,55.1948051948052,67.46031746031747,0.48128813375082763
