name,tn,fp,fn,tp,r2,precision,recall,mcc
univariate,450,59,10,76,0.06211449719011286,56.2962962962963,88.37209302325581,0.6446360599049646
baseline,431,78,30,56,-0.467994700050258,41.7910447761194,65.11627906976744,0.41914647736313104
control,439,70,7,79,-0.046625850961758086,53.02013422818792,91.86046511627907,0.6339326535568232
