name,precision,recall,mcc
baseline,31.654676258992804,65.11627906976744,0.3402429363441653
control,47.62206721623336,88.52459016393442,0.5995764284112153
univariate,50.82872928176796,89.01098901098902,0.6202997155103727
