name,tn,fp,fn,tp,r2,precision,recall,mcc
baseline,995,205,79,115,-0.7005841924398626,35.9375,59.27835051546392,0.3472766042463321
NumberOfLambdaFunctions,993,207,79,115,-0.7125601374570447,35.714285714285715,59.27835051546392,0.3451504985746078
SourceLinesOfLambda,994,206,80,114,-0.7125601374570447,35.625,58.76288659793815,0.34234833807184994
LambdaScore,997,203,81,113,-0.7005841924398626,35.75949367088608,58.24742268041238,0.34167398711334945
LambdaFunctionsUsingOuterVariables,995,205,79,115,-0.7005841924398626,35.9375,59.27835051546392,0.3472766042463321
LambdaFunctionsUsingInnerVariables,990,210,79,115,-0.7305240549828178,35.38461538461539,59.27835051546392,0.34198908414303925
LambdaFunctionsWithSideEffects,989,211,80,114,-0.7424999999999999,35.07692307692308,58.76288659793815,0.3370874515777976
LambdaFunctionsWithAssignment,992,208,78,116,-0.7125601374570447,35.80246913580247,59.79381443298969,0.347946125377631
