name,tn,fp,fn,tp,r2,precision,recall,mcc
baseline,16963,3234,754,1538,-0.937420163570333,32.22967309304275,67.10296684118674,0.37804820344358564
ImplicitDefinitions,16933,3264,763,1529,-0.9563668502251079,31.90068850406843,66.71029668411867,0.3734445868668089
ImplicitConversions,16927,3270,757,1535,-0.9563668502251079,31.94588969823101,66.97207678883072,0.37481742469982243
ImplicitParameters,16923,3274,758,1534,-0.9587959126167458,31.905158069883527,66.92844677137872,0.3742641525817484
OverridingPatternVariables,17019,3178,777,1515,-0.9213883517855233,32.282122309823144,66.09947643979058,0.3749630730654333
UsageOfNull,16986,3211,770,1522,-0.93401947622204,32.15719416860342,66.40488656195463,0.37484961641233416
UnitVariables,16978,3219,769,1523,-0.937420163570333,32.11725010544074,66.44851657940663,0.3746184899640085
FunctionVariables,16968,3229,766,1526,-0.9408208509186258,32.0925341745531,66.57940663176265,0.3748460828895631
NumberOfReturns,16991,3206,764,1528,-0.9286755389604366,32.27714406421631,66.66666666666666,0.3769470313517691
