name,tn,fp,fn,tp,r2,precision,recall,mcc
baseline,1263,124,46,208,0.20814197071797158,62.65060240963856,81.88976377952756,0.6568091122708797
ImplicitDefinitions,1260,127,48,206,0.18485202868026485,61.86186186186187,81.10236220472441,0.6470460744523449
ImplicitConversions,1270,117,48,206,0.2314319127556782,63.77708978328174,81.10236220472441,0.6610475439105863
ImplicitParameters,1262,125,50,204,0.18485202868026485,62.00607902735562,80.31496062992126,0.6441636617317237
OverridingPatternVariables,1262,125,48,206,0.19416800549534752,62.2356495468278,81.10236220472441,0.6498020923581116
UsageOfNull,1260,127,49,205,0.18019404027272345,61.74698795180723,80.70866141732283,0.6442275120385468
UnitVariables,1264,123,48,206,0.2034839823104302,62.61398176291794,81.10236220472441,0.6525799116135043
FunctionVariables,1259,128,50,204,0.17087806345764078,61.44578313253012,80.31496062992126,0.6400336452944358
NumberOfReturns,1254,133,48,206,0.15690409823501672,60.766961651917406,81.10236220472441,0.6389056003273909
