name,tn,fp,fn,tp,r2,precision,recall,mcc
baseline,1512,223,143,254,-0.1328653663281527,53.24947589098532,63.97984886649874,0.47756843080357686
ImplicitDefinitions,1501,234,146,251,-0.17619901422048656,51.75257731958764,63.22418136020151,0.4618577304539235
ImplicitConversions,1504,231,146,251,-0.16691323252927215,52.074688796680505,63.22418136020151,0.4644806181723195
ImplicitParameters,1512,223,144,253,-0.13596062689189092,53.15126050420168,63.72795969773299,0.47557082849080773
OverridingPatternVariables,1511,224,143,254,-0.13596062689189092,53.13807531380753,63.97984886649874,0.4766748384040218
UsageOfNull,1508,227,147,250,-0.15762745083805774,52.41090146750524,62.97229219143576,0.46600347412806126
UnitVariables,1511,224,144,253,-0.13905588745562913,53.03983228511531,63.72795969773299,0.47467719163469796
FunctionVariables,1506,229,142,255,-0.14834166914684332,52.68595041322314,64.23173803526448,0.47423530041872786
NumberOfReturns,1511,224,143,254,-0.13596062689189092,53.13807531380753,63.97984886649874,0.4766748384040218
