name,count,precision mean,precision std,recall mean,recall std,mcc mean,mcc std
FunctionVariables,7,42.181491979140944,15.692623668690505,63.067116362616254,9.973380462716325,0.4154915385168964,0.13905283658489517
ImplicitConversions,7,42.67682897202553,15.902797349618075,63.47809982852651,9.854152749927339,0.42123318432115076,0.1406846422221805
ImplicitDefinitions,7,42.28956435233072,15.430259266042228,63.07573748134172,9.982141982259815,0.4162782103871736,0.13574634700932484
ImplicitParameters,7,42.45236131202669,15.385610143326256,62.88424900857887,10.107119182139245,0.4172018183829166,0.13579833885108317
NumberOfReturns,7,42.39808844586663,15.25487134330561,63.20163176895908,10.19264517904606,0.41837093473728626,0.13534595630242863
OverridingPatternVariables,7,42.38369087202221,15.629823951040745,63.27664826979053,10.026779350793449,0.41819214234989394,0.13911658595987011
UnitVariables,7,42.50373563870892,15.633467285776465,63.106298095980925,10.098720929243138,0.41848130184993987,0.13871928769678274
UsageOfNull,7,42.45345559657049,15.555654183297055,62.946856419877,9.887943979300172,0.4172307838788795,0.13632275428993249
baseline,7,42.61275175114834,15.774767311340794,63.40698424209138,10.397234631496168,0.42069689593551984,0.1412662182284827
