name,tn,fp,fn,tp,r2,precision,recall,mcc
baseline,927,121,105,148,-0.10892948737289943,55.01858736059479,58.498023715415016,0.4588609130549812
ImplicitDefinitions,941,107,110,143,-0.0647685785837131,57.199999999999996,56.52173913043478,0.4652231800871356
ImplicitConversions,924,124,104,149,-0.11874302265938508,54.57875457875458,58.89328063241107,0.45743163746421467
ImplicitParameters,931,117,103,150,-0.0794888815134418,56.17977528089888,59.28853754940712,0.47161810490734346
OverridingPatternVariables,925,123,103,150,-0.10892948737289943,54.94505494505495,59.28853754940712,0.4622009799897872
UsageOfNull,931,117,103,150,-0.0794888815134418,56.17977528089888,59.28853754940712,0.47161810490734346
UnitVariables,927,121,104,149,-0.10402271972965638,55.18518518518518,58.89328063241107,0.46208997671846475
FunctionVariables,931,117,104,149,-0.08439564915668463,56.015037593984964,58.89328063241107,0.46839654845311957
NumberOfReturns,927,121,105,148,-0.10892948737289943,55.01858736059479,58.498023715415016,0.4588609130549812
