name,tn,fp,fn,tp,r2,precision,recall,mcc
baseline,1697,288,120,247,-0.3172581829662522,46.16822429906542,67.30245231607628,0.4570255798665586
ImplicitDefinitions,1698,287,121,246,-0.3172581829662522,46.15384615384615,67.0299727520436,0.4557052029204454
ImplicitConversions,1700,285,120,247,-0.3075724610326769,46.42857142857143,67.30245231607628,0.459245427632882
ImplicitParameters,1698,287,120,247,-0.3140296089883938,46.254681647940075,67.30245231607628,0.45776387720951656
OverridingPatternVariables,1691,294,119,248,-0.33340105285554467,45.75645756457565,67.57493188010899,0.45468520588170847
UsageOfNull,1695,290,122,245,-0.3301724788776861,45.794392523364486,66.7574931880109,0.45143573608721366
UnitVariables,1693,292,122,245,-0.33662962683340303,45.62383612662943,66.7574931880109,0.4499714038579369
FunctionVariables,1700,285,122,245,-0.3140296089883938,46.22641509433962,66.7574931880109,0.4551252007630726
NumberOfReturns,1697,288,120,247,-0.3172581829662522,46.16822429906542,67.30245231607628,0.4570255798665586
