name,tn,fp,fn,tp,r2,precision,recall,mcc
baseline,1699,286,123,244,-0.3204867569441108,46.0377358490566,66.4850136239782,0.4523209818853456
ImplicitDefinitions,1697,288,122,245,-0.32371533092196914,45.96622889305816,66.7574931880109,0.4529065820038232
ImplicitConversions,1693,292,123,244,-0.3398582008112614,45.52238805970149,66.4850136239782,0.44790967745831867
ImplicitParameters,1700,285,123,244,-0.3172581829662522,46.12476370510397,66.4850136239782,0.45306196714400315
OverridingPatternVariables,1688,297,123,244,-0.35600107070055387,45.10166358595194,66.4850136239782,0.4442780544235617
UsageOfNull,1700,285,123,244,-0.3172581829662522,46.12476370510397,66.4850136239782,0.45306196714400315
UnitVariables,1699,286,123,244,-0.3204867569441108,46.0377358490566,66.4850136239782,0.4523209818853456
FunctionVariables,1703,282,123,244,-0.3075724610326769,46.38783269961977,66.4850136239782,0.45529496988718365
NumberOfReturns,1696,289,123,244,-0.3301724788776861,45.77861163227016,66.4850136239782,0.450107961087201
