name,tn,fp,fn,tp,r2,precision,recall,mcc
baseline,3416,746,156,174,-1.9500560627903254,18.913043478260867,52.72727272727272,0.22499740976679142
ImplicitDefinitions,3416,746,152,178,-1.9369737742635387,19.264069264069263,53.939393939393945,0.2324592674860509
ImplicitConversions,3428,734,154,176,-1.904268052946573,19.340659340659343,53.333333333333336,0.23171988922539982
ImplicitParameters,3422,740,155,175,-1.9271620578684492,19.12568306010929,53.03030303030303,0.22835047072493928
OverridingPatternVariables,3414,748,154,176,-1.9500560627903254,19.047619047619047,53.333333333333336,0.22823731514119977
UsageOfNull,3414,748,154,176,-1.9500560627903254,19.047619047619047,53.333333333333336,0.22823731514119977
UnitVariables,3417,745,153,177,-1.9369737742635387,19.197396963123644,53.63636363636364,0.230843799575957
FunctionVariables,3423,739,153,177,-1.9173503414733593,19.323144104803493,53.63636363636364,0.23233772069946343
NumberOfReturns,3414,748,155,175,-1.9533266349220217,18.95991332611051,53.03030303030303,0.22637224537520742
