name,count,mean,std,min,25%,50%,75%,max
CyclomaticComplexity,642,3.661993769470405,4.577918350549526,1.0,1.0,2.0,4.0,28.0
DepthOfNesting,642,3.85202492211838,6.634301067292922,0.0,0.0,0.0,6.75,30.0
LinesOfCode,642,22.978193146417446,26.144554791545556,1.0,6.0,14.0,28.0,168.0
SourceLinesOfCode,642,22.01246105919003,24.687244943259604,1.0,6.0,14.0,28.0,162.0
CommentLinesOfCode,642,0.6246105919003115,1.5146353894404285,0.0,0.0,0.0,0.0,10.0
CommentDensity,642,0.01414794316982109,0.030255328244861154,0.0,0.0,0.0,0.0,0.2
OutDegree,642,24.309968847352025,34.020625940605555,0.0,5.0,12.0,31.0,199.0
OutDegreeDistinct,642,10.917445482866043,13.920916854487931,0.0,2.0,4.0,13.0,74.0
PatternSize,642,7.336448598130841,16.029094408452277,0.0,0.0,0.0,7.0,87.0
NumberOfPatternVariables,642,1.6713395638629283,3.7760334304637504,0.0,0.0,0.0,2.0,25.0
