name,tn,fp,fn,tp,r2,precision,recall,mcc
univariate,18195,2002,203,2089,-0.07121651471228274,51.0633097042288,91.14310645724258,0.6370464784200353
baseline,16962,3235,779,1513,-0.9500512880068497,31.866048862679026,66.01221640488656,0.3706233595735392
control,17924,2273,165,2127,-0.18441082216260574,48.34090909090909,92.80104712041884,0.621905761500757
