name,tn,fp,fn,tp,r2,precision,recall,mcc
univariate,1243,144,31,223,0.18485202868026485,60.76294277929155,87.79527559055119,0.6719734519312458
baseline,1263,124,51,203,0.18485202868026485,62.079510703363916,79.92125984251969,0.6427265832757306
control,1283,104,27,227,0.38980351861208395,68.58006042296071,89.37007874015748,0.7379725595936844
