name,tn,fp,fn,tp,r2,precision,recall,mcc
univariate,1243,144,31,223,0.18485202868026485,60.76294277929155,87.79527559055119,0.6719734519312458
baseline,1249,138,48,206,0.13361415619730999,59.883720930232556,81.10236220472441,0.6322634297448053
control,1288,99,24,230,0.42706742587241464,69.90881458966565,90.5511811023622,0.7535749101948712
