name,tn,fp,fn,tp,r2,precision,recall,mcc
univariate,1572,163,38,359,0.3778526266886374,68.77394636015326,90.42821158690177,0.7336025951327293
baseline,1486,249,131,266,-0.17619901422048656,51.6504854368932,67.00251889168766,0.4788422327917788
control,1557,178,40,357,0.32523319710508936,66.72897196261682,89.92443324937027,0.7152923346178585
