name,tn,fp,fn,tp,r2,precision,recall,mcc
univariate,1161,123,11,150,0.06334049263752606,54.94505494505495,93.16770186335404,0.6718860420058028
baseline,1003,281,41,120,-1.2507788161993778,29.925187032418954,74.53416149068323,0.36997012589223144
control,1160,124,15,146,0.02839051101952328,54.074074074074076,90.6832298136646,0.6540614398856158
